Order,PID,MS SubClass,MS Zoning,Lot Frontage,Lot Area,Street,Alley,Lot Shape,Land Contour,Utilities,Lot Config,Land Slope,Neighborhood,Condition 1,Condition 2,Bldg Type,House Style,Overall Qual,Overall Cond,Year Built,Year Remod/Add,Roof Style,Roof Matl,Exterior 1st,Exterior 2nd,Mas Vnr Type,Mas Vnr Area,Exter Qual,Exter Cond,Foundation,Bsmt Qual,Bsmt Cond,Bsmt Exposure,BsmtFin Type 1,BsmtFin SF 1,BsmtFin Type 2,BsmtFin SF 2,Bsmt Unf SF,Total Bsmt SF,Heating,Heating QC,Central Air,Electrical,1st Flr SF,2nd Flr SF,Low Qual Fin SF,Gr Liv Area,Bsmt Full Bath,Bsmt Half Bath,Full Bath,Half Bath,Bedroom AbvGr,Kitchen AbvGr,Kitchen Qual,TotRms AbvGrd,Functional,Fireplaces,Fireplace Qu,Garage Type,Garage Yr Blt,Garage Finish,Garage Cars,Garage Area,Garage Qual,Garage Cond,Paved Drive,Wood Deck SF,Open Porch SF,Enclosed Porch,3Ssn Porch,Screen Porch,Pool Area,Pool QC,Fence,Misc Feature,Misc Val,Mo Sold,Yr Sold,Sale Type,Sale Condition,SalePrice
155,535327140,20,RL,60.0,7200,Pave,,Reg,Lvl,AllPub,Inside,Gtl,NAmes,Norm,Norm,1Fam,1Story,5,7,1955,2007,Gable,CompShg,VinylSd,VinylSd,None,0.0,TA,TA,Slab,,,,,0.0,,0.0,0.0,0.0,GasA,Ex,Y,SBrkr,827,0,0,827,0.0,0.0,1,0,2,1,TA,5,Mod,1,Po,Detchd,1967.0,Unf,1.0,392.0,TA,TA,Y,0,0,0,0,0,0,,,,0,4,2010,WD ,Normal,107500
536,531363050,20,RL,63.0,7500,Pave,,Reg,Lvl,AllPub,Inside,Gtl,SawyerW,Norm,Norm,1Fam,1Story,6,5,2004,2004,Gable,CompShg,VinylSd,VinylSd,None,0.0,TA,TA,PConc,Gd,TA,No,Unf,0.0,Unf,0.0,1158.0,1158.0,GasA,Ex,Y,SBrkr,1158,0,0,1158,0.0,0.0,1,1,3,1,Gd,5,Typ,0,,,,,0.0,0.0,,,Y,0,50,0,0,0,0,,,,0,8,2009,WD ,Normal,143500
2478,531379030,60,RL,70.0,8304,Pave,,IR1,Lvl,AllPub,Inside,Gtl,SawyerW,Norm,Norm,1Fam,2Story,6,5,1997,1998,Gable,CompShg,VinylSd,VinylSd,None,0.0,TA,TA,PConc,Gd,TA,No,Unf,0.0,Unf,0.0,941.0,941.0,GasA,Ex,Y,SBrkr,941,896,0,1837,0.0,0.0,2,1,3,1,TA,7,Typ,0,,Attchd,1997.0,RFn,2.0,688.0,TA,TA,Y,150,165,0,0,0,0,,GdPrv,,0,7,2006,WD ,Normal,187000
2535,534201260,20,RL,78.0,9360,Pave,,Reg,Lvl,AllPub,Inside,Gtl,NAmes,Feedr,Norm,1Fam,1Story,6,7,1968,2004,Hip,CompShg,HdBoard,HdBoard,BrkFace,203.0,TA,TA,CBlock,TA,TA,Av,ALQ,760.0,Unf,0.0,216.0,976.0,GasA,TA,Y,SBrkr,976,0,0,976,1.0,0.0,1,0,2,1,Gd,4,Typ,1,Fa,Attchd,1968.0,RFn,2.0,504.0,TA,TA,Y,94,0,0,0,0,0,,,,0,8,2006,WD ,Abnorml,157500
378,527354100,80,RL,,14115,Pave,,Reg,Lvl,AllPub,Inside,Gtl,NWAmes,Norm,Norm,1Fam,SLvl,7,5,1980,1980,Gable,CompShg,Plywood,Plywood,BrkFace,225.0,TA,TA,CBlock,Gd,TA,Av,GLQ,1036.0,Unf,0.0,336.0,1372.0,GasA,TA,Y,SBrkr,1472,0,0,1472,1.0,0.0,2,0,3,1,TA,6,Typ,2,TA,Attchd,1980.0,Unf,2.0,588.0,TA,TA,Y,233,48,0,0,0,0,,,,0,6,2009,WD ,Normal,187500
2609,535402100,80,RL,83.0,10184,Pave,,Reg,Lvl,AllPub,Inside,Gtl,NAmes,Norm,Norm,1Fam,SLvl,6,5,1963,1963,Gable,CompShg,HdBoard,HdBoard,BrkFace,379.0,TA,TA,CBlock,TA,TA,Av,ALQ,580.0,Unf,0.0,503.0,1083.0,GasA,TA,Y,SBrkr,1146,0,0,1146,0.0,1.0,1,0,3,1,TA,6,Typ,1,Gd,Attchd,1963.0,Unf,1.0,294.0,TA,TA,Y,345,75,0,0,0,0,,,,0,6,2006,WD ,Normal,165000
1613,526352090,20,RL,85.0,10628,Pave,,Reg,Lvl,AllPub,Inside,Gtl,NAmes,Norm,Norm,1Fam,1Story,7,5,1970,1970,Flat,Tar&Grv,Plywood,Plywood,None,0.0,TA,Gd,CBlock,TA,Gd,Gd,GLQ,778.0,Unf,0.0,499.0,1277.0,GasA,TA,Y,SBrkr,1277,0,0,1277,1.0,0.0,1,0,2,1,TA,5,Typ,1,Po,Attchd,1970.0,Unf,2.0,526.0,TA,TA,Y,0,0,0,0,176,0,,GdWo,,0,4,2007,WD ,Normal,167000
522,528458160,20,FV,85.0,9187,Pave,,Reg,Lvl,AllPub,Inside,Gtl,Somerst,Norm,Norm,1Fam,1Story,9,5,2009,2009,Gable,CompShg,CemntBd,CmentBd,Stone,162.0,Ex,TA,PConc,Ex,TA,Mn,GLQ,1121.0,Unf,0.0,645.0,1766.0,GasA,Ex,Y,SBrkr,1766,0,0,1766,1.0,0.0,2,1,2,1,Ex,7,Typ,1,Gd,Attchd,2009.0,Fin,3.0,478.0,TA,TA,Y,195,130,0,0,0,0,,,,0,10,2009,New,Partial,370878
1065,528166120,60,RL,110.0,13688,Pave,,IR1,Lvl,AllPub,Inside,Gtl,NridgHt,Norm,Norm,1Fam,2Story,9,5,2003,2004,Gable,CompShg,VinylSd,VinylSd,BrkFace,664.0,Gd,TA,PConc,Ex,TA,Av,GLQ,1016.0,Unf,0.0,556.0,1572.0,GasA,Ex,Y,SBrkr,1572,1096,0,2668,1.0,0.0,2,1,3,1,Ex,10,Typ,2,Gd,BuiltIn,2003.0,Fin,3.0,726.0,TA,TA,Y,400,0,0,0,0,0,,,,0,3,2008,WD ,Normal,412500
1439,907187030,60,RL,57.0,8924,Pave,,IR1,Lvl,AllPub,CulDSac,Gtl,CollgCr,Norm,Norm,1Fam,2Story,7,5,1998,1999,Gable,CompShg,VinylSd,VinylSd,None,0.0,TA,TA,PConc,Gd,TA,Av,Unf,0.0,Unf,0.0,880.0,880.0,GasA,Ex,Y,SBrkr,880,844,0,1724,0.0,0.0,2,1,3,1,Gd,8,Typ,0,,Attchd,1998.0,Fin,2.0,527.0,TA,TA,Y,120,155,0,0,0,0,,,,0,7,2008,WD ,Normal,188000
904,909101100,50,RL,45.0,8212,Pave,Grvl,Reg,Lvl,AllPub,Inside,Gtl,Edwards,Norm,Norm,1Fam,1.5Fin,5,6,1941,1950,Gable,CompShg,Wd Sdng,Wd Sdng,None,0.0,TA,TA,CBlock,TA,TA,No,Rec,626.0,Unf,0.0,94.0,720.0,GasA,Ex,Y,SBrkr,854,444,0,1298,0.0,0.0,1,0,3,1,TA,6,Typ,2,Gd,Detchd,1940.0,Unf,1.0,256.0,TA,TA,Y,84,0,0,0,0,0,,,,0,9,2009,WD ,Normal,122000
1166,533213070,160,FV,24.0,2280,Pave,Pave,Reg,Lvl,AllPub,Inside,Gtl,Somerst,Norm,Norm,Twnhs,2Story,7,5,1999,1999,Gable,CompShg,MetalSd,MetalSd,BrkFace,360.0,TA,TA,PConc,Gd,TA,No,ALQ,549.0,Unf,0.0,195.0,744.0,GasA,Gd,Y,SBrkr,757,744,0,1501,0.0,0.0,2,1,3,1,TA,6,Typ,0,,Detchd,1999.0,Unf,2.0,440.0,TA,TA,Y,0,0,0,0,0,0,,,,0,8,2008,WD ,Normal,179400
19,527276150,20,RL,140.0,19138,Pave,,Reg,Lvl,AllPub,Corner,Gtl,Gilbert,Norm,Norm,1Fam,1Story,4,5,1951,1951,Gable,CompShg,VinylSd,VinylSd,None,0.0,TA,TA,CBlock,TA,TA,No,LwQ,120.0,Unf,0.0,744.0,864.0,GasA,Ex,Y,SBrkr,864,0,0,864,0.0,0.0,1,0,2,1,TA,4,Typ,0,,Detchd,1951.0,Unf,2.0,400.0,TA,TA,Y,0,0,0,0,0,0,,,,0,6,2010,WD ,Normal,141000
2176,908152070,20,RL,,7917,Pave,,IR1,Lvl,AllPub,Corner,Gtl,Edwards,Norm,Norm,1Fam,1Story,6,7,1976,1976,Hip,CompShg,HdBoard,HdBoard,BrkFace,174.0,TA,Gd,CBlock,TA,Gd,No,BLQ,751.0,Unf,0.0,392.0,1143.0,GasA,TA,Y,SBrkr,1113,0,0,1113,1.0,0.0,1,1,3,1,TA,6,Typ,1,Fa,Attchd,1987.0,RFn,1.0,504.0,TA,Gd,Y,370,30,0,0,0,0,,GdPrv,,0,5,2007,WD ,Normal,148000
1182,533251120,20,RL,,11120,Pave,,IR1,Lvl,AllPub,CulDSac,Gtl,Veenker,Norm,Norm,1Fam,1Story,6,6,1984,1984,Gable,CompShg,Plywood,Plywood,None,0.0,TA,TA,PConc,Gd,TA,No,BLQ,660.0,Unf,0.0,572.0,1232.0,GasA,TA,Y,SBrkr,1232,0,0,1232,0.0,0.0,2,0,3,1,TA,6,Typ,0,,Attchd,1984.0,Unf,2.0,516.0,TA,TA,Y,0,0,0,0,0,0,,,,0,6,2008,WD ,Normal,162500
1546,910201130,50,RM,60.0,6000,Pave,,Reg,Lvl,AllPub,Inside,Gtl,IDOTRR,Norm,Norm,1Fam,1.5Fin,6,8,1940,2006,Gable,CompShg,VinylSd,VinylSd,None,0.0,TA,TA,CBlock,Fa,TA,No,Unf,0.0,Unf,0.0,720.0,720.0,GasA,Gd,Y,SBrkr,760,330,0,1090,0.0,0.0,1,0,3,1,TA,5,Typ,0,,Detchd,1940.0,Unf,1.0,240.0,TA,TA,Y,0,0,0,0,0,0,,,,0,7,2008,WD ,Normal,120000
672,535403210,20,RL,90.0,10454,Pave,,IR1,Lvl,AllPub,Corner,Gtl,NAmes,Norm,Norm,1Fam,1Story,6,6,1957,1957,Hip,CompShg,Plywood,Plywood,Stone,143.0,TA,TA,CBlock,TA,TA,No,Rec,546.0,Unf,0.0,559.0,1105.0,GasA,Gd,Y,FuseA,1105,0,0,1105,0.0,0.0,1,0,3,1,TA,5,Typ,0,,Detchd,1957.0,Unf,1.0,308.0,TA,TA,Y,0,0,0,0,0,0,,,,0,4,2009,WD ,Normal,135000
306,911202100,50,C (all),66.0,8712,Pave,Pave,Reg,HLS,AllPub,Inside,Mod,IDOTRR,Norm,Norm,1Fam,1.5Fin,4,7,1900,1950,Gable,CompShg,MetalSd,MetalSd,None,0.0,TA,TA,Stone,TA,TA,Mn,Unf,0.0,Unf,0.0,859.0,859.0,GasA,Gd,Y,SBrkr,859,319,0,1178,0.0,0.0,1,0,2,1,TA,7,Typ,0,,Detchd,1964.0,RFn,1.0,384.0,TA,TA,N,68,0,98,0,0,0,,,,0,1,2010,WD ,Abnorml,102776
962,916386140,20,RL,73.0,8925,Pave,,IR1,HLS,AllPub,Inside,Gtl,Timber,Norm,Norm,1Fam,1Story,8,5,2007,2007,Gable,CompShg,VinylSd,VinylSd,None,0.0,Gd,TA,PConc,Gd,TA,Av,GLQ,16.0,Unf,0.0,1450.0,1466.0,GasA,Ex,Y,SBrkr,1466,0,0,1466,0.0,0.0,2,0,3,1,Gd,7,Typ,0,,Attchd,2007.0,Fin,3.0,610.0,TA,TA,Y,100,18,0,0,0,0,,,,0,7,2009,WD ,Normal,201000
203,903426180,50,RM,57.0,8094,Pave,Grvl,Reg,Lvl,AllPub,Inside,Gtl,OldTown,Norm,Norm,1Fam,1.5Fin,4,5,1915,1950,Gable,CompShg,MetalSd,MetalSd,None,0.0,TA,Fa,CBlock,TA,TA,No,Unf,0.0,Unf,0.0,888.0,888.0,GasA,Ex,Y,SBrkr,888,1074,0,1962,0.0,0.0,1,1,4,1,TA,9,Typ,1,TA,Detchd,1915.0,Unf,2.0,572.0,TA,TA,Y,160,0,364,0,0,0,,GdPrv,,0,6,2010,WD ,Normal,149500
2730,905300080,20,RL,100.0,13350,Pave,,IR1,Lvl,AllPub,Inside,Gtl,Sawyer,Norm,Norm,1Fam,1Story,5,5,1974,1974,Hip,CompShg,HdBoard,Plywood,None,0.0,TA,TA,CBlock,TA,TA,No,ALQ,762.0,Unf,0.0,102.0,864.0,GasA,TA,Y,SBrkr,894,0,0,894,1.0,0.0,1,0,3,1,TA,5,Typ,1,Fa,Attchd,1974.0,Unf,2.0,440.0,TA,TA,Y,241,0,0,0,0,0,,MnPrv,,0,6,2006,WD ,Normal,142500
1819,532353120,20,RL,64.0,6285,Pave,,Reg,Lvl,AllPub,Inside,Gtl,Sawyer,Norm,Norm,1Fam,1Story,5,5,1977,1977,Gable,CompShg,Plywood,Plywood,None,0.0,TA,TA,CBlock,Gd,TA,No,LwQ,138.0,Rec,351.0,405.0,894.0,GasA,TA,Y,SBrkr,894,0,0,894,1.0,0.0,1,0,2,1,TA,5,Typ,0,,Detchd,1979.0,Unf,1.0,308.0,TA,TA,Y,192,0,0,0,0,0,,,,0,3,2007,WD ,Normal,120750
2595,535355100,50,RL,50.0,7000,Pave,,Reg,Lvl,AllPub,Corner,Gtl,OldTown,Artery,Norm,1Fam,1.5Fin,6,6,1924,1950,Gable,CompShg,MetalSd,MetalSd,None,0.0,TA,Gd,BrkTil,Fa,TA,No,LwQ,617.0,Unf,0.0,0.0,617.0,GasA,Gd,Y,SBrkr,865,445,0,1310,0.0,0.0,2,0,2,1,TA,6,Min1,0,,Attchd,1924.0,Unf,1.0,398.0,TA,TA,Y,0,0,126,0,0,0,,,,0,5,2006,COD,Normal,112000
227,905107250,60,RL,86.0,11227,Pave,,Reg,Lvl,AllPub,Inside,Gtl,Sawyer,Norm,Norm,1Fam,2Story,5,5,1968,1968,Gable,CompShg,HdBoard,HdBoard,None,0.0,TA,Gd,CBlock,TA,Gd,No,Rec,267.0,ALQ,453.0,0.0,720.0,GasA,Ex,Y,SBrkr,720,720,0,1440,0.0,0.0,1,1,4,1,TA,7,Typ,2,TA,Attchd,1968.0,Unf,2.0,480.0,TA,TA,Y,192,38,0,0,0,0,,MnPrv,,0,3,2010,WD ,Normal,163000
446,528142150,20,RL,90.0,12878,Pave,,IR1,Lvl,AllPub,Corner,Gtl,NridgHt,Norm,Norm,1Fam,1Story,7,5,2003,2004,Hip,CompShg,VinylSd,VinylSd,BrkFace,418.0,Gd,TA,PConc,Gd,TA,No,ALQ,1262.0,Unf,0.0,498.0,1760.0,GasA,Ex,Y,SBrkr,1760,0,0,1760,1.0,0.0,2,0,3,1,Gd,8,Typ,1,Gd,Attchd,2003.0,Fin,2.0,583.0,TA,TA,Y,165,190,0,0,0,0,,,,0,6,2009,WD ,Normal,269500
2924,923250060,20,RL,80.0,17400,Pave,,Reg,Low,AllPub,Inside,Mod,Mitchel,Norm,Norm,1Fam,1Story,5,5,1977,1977,Gable,CompShg,BrkFace,BrkFace,None,0.0,TA,TA,CBlock,TA,TA,No,ALQ,936.0,Unf,0.0,190.0,1126.0,GasA,Fa,Y,SBrkr,1126,0,0,1126,1.0,0.0,2,0,3,1,TA,5,Typ,1,Gd,Attchd,1977.0,RFn,2.0,484.0,TA,TA,P,295,41,0,0,0,0,,,,0,5,2006,WD ,Normal,160000
1993,902301130,70,RM,35.0,4571,Pave,Grvl,Reg,Lvl,AllPub,Inside,Gtl,OldTown,Norm,Norm,1Fam,2Story,5,7,1910,1950,Gable,CompShg,MetalSd,MetalSd,None,0.0,TA,TA,BrkTil,TA,TA,No,BLQ,168.0,Unf,0.0,448.0,616.0,GasA,Ex,Y,SBrkr,616,616,0,1232,0.0,0.0,1,0,3,1,TA,6,Typ,0,,Detchd,1920.0,Unf,2.0,480.0,Fa,Fa,Y,280,0,143,0,0,0,,,,0,6,2007,WD ,Normal,114000
667,535402010,90,RL,81.0,9671,Pave,,Reg,Lvl,AllPub,Corner,Gtl,NAmes,Artery,Norm,Duplex,2Story,6,5,1969,1969,Gable,CompShg,MetalSd,MetalSd,Stone,480.0,TA,TA,CBlock,TA,TA,No,Unf,0.0,Unf,0.0,1248.0,1248.0,GasA,TA,Y,SBrkr,1248,1296,0,2544,0.0,0.0,2,2,6,2,TA,12,Typ,0,,Attchd,1969.0,RFn,3.0,907.0,TA,TA,Y,0,0,0,0,0,0,,,,0,8,2009,WD ,Normal,190000
1873,534177210,20,RL,80.0,9600,Pave,,Reg,Lvl,AllPub,Inside,Gtl,NWAmes,Norm,Norm,1Fam,1Story,7,6,1973,1973,Hip,CompShg,HdBoard,HdBoard,BrkFace,320.0,TA,TA,CBlock,TA,TA,No,ALQ,916.0,Unf,0.0,326.0,1242.0,GasA,Fa,Y,SBrkr,1242,0,0,1242,0.0,0.0,1,1,3,1,TA,6,Typ,1,TA,Attchd,1973.0,Unf,2.0,528.0,TA,TA,Y,0,0,0,0,0,0,,,,0,9,2007,WD ,Normal,175500
1224,534455030,20,RL,80.0,9600,Pave,,Reg,Lvl,AllPub,Inside,Gtl,NAmes,Norm,Norm,1Fam,1Story,5,6,1960,1960,Gable,CompShg,MetalSd,MetalSd,BrkFace,203.0,Fa,Fa,CBlock,TA,TA,No,Rec,658.0,Unf,0.0,638.0,1296.0,GasA,TA,Y,SBrkr,1496,0,0,1496,0.0,0.0,2,0,3,1,Gd,6,Typ,0,,Attchd,1960.0,RFn,2.0,450.0,TA,TA,Y,0,22,0,0,0,0,,MnPrv,,0,2,2008,WD ,Normal,141500
1917,535151020,20,RL,73.0,8760,Pave,,Reg,Lvl,AllPub,Inside,Gtl,NAmes,Norm,Norm,1Fam,1Story,6,7,1957,1999,Gable,CompShg,VinylSd,VinylSd,None,0.0,TA,TA,CBlock,TA,TA,No,ALQ,873.0,Unf,0.0,63.0,936.0,GasA,TA,Y,SBrkr,936,0,0,936,1.0,0.0,1,0,2,1,Gd,4,Typ,0,,Attchd,1957.0,RFn,1.0,315.0,TA,TA,Y,0,0,0,219,0,0,,,,0,9,2007,WD ,Normal,141000
433,528110020,20,RL,105.0,13693,Pave,,Reg,Lvl,AllPub,Inside,Gtl,NridgHt,PosA,PosA,1Fam,1Story,10,5,2007,2007,Hip,CompShg,VinylSd,VinylSd,Stone,472.0,Ex,TA,PConc,Ex,TA,Gd,GLQ,2288.0,Unf,0.0,342.0,2630.0,GasA,Ex,Y,SBrkr,2674,0,0,2674,2.0,0.0,2,1,2,1,Ex,8,Typ,2,Gd,Attchd,2007.0,Fin,3.0,762.0,TA,TA,Y,360,50,0,0,0,0,,,,0,3,2009,WD ,Normal,610000
912,909250220,50,RL,65.0,7804,Pave,,Reg,Lvl,AllPub,Inside,Gtl,SWISU,Norm,Norm,1Fam,1.5Fin,4,3,1928,1950,Gable,CompShg,WdShing,Plywood,None,0.0,TA,TA,BrkTil,TA,TA,No,BLQ,622.0,Unf,0.0,500.0,1122.0,GasA,TA,Y,SBrkr,1328,653,0,1981,1.0,0.0,2,0,4,1,Gd,7,Min2,2,TA,Detchd,1981.0,Unf,2.0,576.0,TA,TA,Y,431,44,0,0,0,0,,MnPrv,,0,12,2009,WD ,Normal,135000
2549,534427090,190,RL,75.0,10382,Pave,,Reg,Lvl,AllPub,Inside,Gtl,NAmes,Norm,Norm,2fmCon,SLvl,6,5,1958,1958,Hip,CompShg,HdBoard,HdBoard,BrkFace,105.0,TA,Fa,CBlock,TA,TA,Gd,ALQ,513.0,Unf,0.0,75.0,588.0,GasA,TA,Y,SBrkr,1095,0,0,1095,1.0,0.0,1,0,2,1,TA,6,Typ,0,,Attchd,1958.0,RFn,1.0,264.0,TA,TA,Y,0,0,0,0,0,0,,,,0,3,2006,ConLD,Normal,140000
2426,528228545,120,RL,43.0,3010,Pave,,Reg,Lvl,AllPub,Inside,Gtl,Blmngtn,Norm,Norm,TwnhsE,1Story,7,5,2005,2006,Gable,CompShg,VinylSd,VinylSd,BrkFace,16.0,Gd,TA,PConc,Gd,TA,Av,GLQ,16.0,Unf,0.0,1232.0,1248.0,GasA,Ex,Y,SBrkr,1248,0,0,1248,0.0,0.0,2,0,2,1,Gd,5,Typ,0,,Attchd,2005.0,Fin,2.0,438.0,TA,TA,Y,108,0,0,0,0,0,,,,0,3,2006,New,Partial,167240
377,527353060,60,RL,,12388,Pave,,IR1,Lvl,AllPub,Inside,Gtl,NWAmes,Norm,Norm,1Fam,2Story,7,7,1980,1991,Gable,CompShg,Plywood,Plywood,BrkFace,229.0,TA,TA,CBlock,Gd,TA,No,ALQ,602.0,Unf,0.0,441.0,1043.0,GasA,TA,Y,SBrkr,1539,1134,0,2673,0.0,0.0,2,1,4,1,Gd,9,Typ,1,TA,BuiltIn,1980.0,RFn,2.0,441.0,TA,TA,Y,178,84,0,0,0,0,,,,0,8,2009,WD ,Normal,249000
2699,904100030,50,RL,82.0,12375,Pave,,Reg,Lvl,AllPub,Inside,Gtl,Sawyer,Feedr,Norm,1Fam,1.5Fin,5,5,1951,1951,Gable,CompShg,HdBoard,HdBoard,Stone,41.0,TA,Fa,CBlock,TA,TA,No,BLQ,329.0,Unf,0.0,477.0,806.0,GasA,TA,Y,SBrkr,1081,341,0,1422,1.0,0.0,1,0,3,1,TA,7,Typ,1,TA,Detchd,1951.0,Unf,1.0,288.0,TA,TA,Y,0,0,0,0,0,0,,GdWo,,0,6,2006,WD ,Normal,137500
1754,528275035,60,RL,,8063,Pave,,Reg,Lvl,AllPub,Inside,Gtl,Gilbert,Norm,Norm,1Fam,2Story,6,5,2000,2000,Gable,CompShg,VinylSd,VinylSd,None,0.0,TA,TA,PConc,Gd,TA,No,Unf,0.0,Unf,0.0,924.0,924.0,GasA,Ex,Y,SBrkr,948,742,0,1690,0.0,0.0,2,1,3,1,TA,7,Typ,1,TA,Attchd,2000.0,RFn,2.0,463.0,TA,TA,Y,100,48,0,0,0,0,,,,0,11,2007,WD ,Abnorml,181000
843,907175100,60,RL,80.0,10400,Pave,,Reg,Lvl,AllPub,Corner,Gtl,CollgCr,Norm,Norm,1Fam,2Story,7,5,1998,1998,Gable,CompShg,VinylSd,VinylSd,None,0.0,TA,TA,PConc,Gd,TA,Av,Unf,0.0,Unf,0.0,866.0,866.0,GasA,Ex,Y,SBrkr,866,913,0,1779,0.0,0.0,2,1,3,1,Gd,6,Typ,0,,Attchd,1998.0,RFn,2.0,546.0,TA,TA,Y,198,36,0,0,0,0,,,,0,3,2009,WD ,Normal,197900
2457,528429120,20,RL,49.0,20896,Pave,,IR2,Lvl,AllPub,CulDSac,Gtl,Somerst,RRAn,Norm,1Fam,1Story,8,5,2005,2006,Gable,CompShg,VinylSd,VinylSd,None,0.0,Gd,TA,PConc,Ex,TA,Mn,GLQ,1721.0,Unf,0.0,356.0,2077.0,GasA,Ex,Y,SBrkr,2097,0,0,2097,1.0,0.0,1,1,1,1,Ex,8,Typ,1,Ex,Attchd,2005.0,Fin,3.0,1134.0,TA,TA,Y,192,267,0,0,0,0,,,,0,1,2006,New,Partial,423000
77,531451280,60,RL,70.0,11218,Pave,,Reg,Lvl,AllPub,Inside,Gtl,SawyerW,Norm,Norm,1Fam,2Story,6,5,1992,1992,Gable,CompShg,Wd Sdng,Wd Sdng,None,0.0,Gd,TA,PConc,Gd,TA,No,Unf,0.0,Unf,0.0,1055.0,1055.0,GasA,Ex,Y,SBrkr,1055,790,0,1845,0.0,0.0,2,1,3,1,Gd,8,Typ,1,TA,Attchd,1992.0,RFn,2.0,462.0,TA,TA,Y,635,104,0,0,0,0,,GdPrv,Shed,400,5,2010,WD ,Normal,189000
1395,905226030,30,RL,60.0,10200,Pave,,Reg,Lvl,AllPub,Inside,Gtl,Sawyer,Norm,Norm,1Fam,1Story,5,8,1940,1997,Gable,CompShg,Wd Sdng,Wd Sdng,None,0.0,TA,TA,PConc,TA,TA,No,Unf,0.0,Unf,0.0,672.0,672.0,GasA,Ex,Y,SBrkr,672,0,0,672,0.0,0.0,1,0,2,1,TA,4,Typ,0,,Detchd,1940.0,Unf,1.0,240.0,TA,TA,N,168,0,0,0,0,0,,GdPrv,,0,8,2008,WD ,Normal,108000
2227,909452102,20,RL,,17871,Pave,,IR2,Lvl,AllPub,Inside,Gtl,Crawfor,Norm,Norm,1Fam,1Story,4,5,1995,1996,Gable,CompShg,VinylSd,VinylSd,None,0.0,TA,TA,PConc,Gd,TA,No,Unf,0.0,Unf,0.0,1680.0,1680.0,GasA,Gd,Y,SBrkr,1680,0,0,1680,0.0,0.0,2,0,4,1,Gd,7,Typ,0,,Attchd,1996.0,Unf,2.0,628.0,TA,TA,Y,152,0,0,0,0,0,,,,0,6,2007,WD ,Normal,170000
2828,908186090,180,RM,35.0,3675,Pave,,Reg,Lvl,AllPub,Inside,Gtl,Edwards,Norm,Norm,TwnhsE,SFoyer,6,5,2005,2006,Gable,CompShg,VinylSd,VinylSd,BrkFace,82.0,TA,TA,PConc,Gd,TA,Gd,GLQ,547.0,Unf,0.0,0.0,547.0,GasA,Gd,Y,SBrkr,1072,0,0,1072,1.0,0.0,1,0,2,1,TA,5,Typ,0,,Basment,2005.0,Fin,2.0,525.0,TA,TA,Y,0,44,0,0,0,0,,,,0,10,2006,New,Partial,142500
1036,527402130,20,RL,68.0,10295,Pave,,Reg,Lvl,AllPub,FR2,Gtl,NAmes,Norm,Norm,1Fam,1Story,4,6,1969,1969,Gable,CompShg,HdBoard,HdBoard,BrkFace,72.0,TA,TA,CBlock,Gd,TA,Mn,Rec,252.0,Unf,0.0,684.0,936.0,GasA,TA,Y,SBrkr,936,0,0,936,0.0,0.0,1,0,2,1,TA,4,Typ,0,,Attchd,1969.0,Unf,1.0,288.0,TA,TA,Y,16,0,0,0,0,0,,,,0,9,2008,COD,Normal,111900
1316,902306130,70,RM,60.0,9600,Pave,,Reg,Lvl,AllPub,Inside,Gtl,OldTown,Norm,Norm,1Fam,2Story,7,9,1928,2005,Gambrel,CompShg,MetalSd,MetalSd,None,0.0,TA,Ex,BrkTil,TA,TA,No,Rec,141.0,Unf,0.0,548.0,689.0,GasA,Ex,Y,SBrkr,689,689,0,1378,0.0,0.0,2,0,3,1,Gd,7,Typ,1,Gd,Detchd,1928.0,Unf,2.0,360.0,TA,TA,N,0,0,116,0,0,0,,,,0,10,2008,WD ,Normal,161000
1547,910202050,30,RM,40.0,3636,Pave,,Reg,Lvl,AllPub,Inside,Gtl,IDOTRR,Norm,Norm,1Fam,1Story,4,4,1922,1950,Gable,CompShg,AsbShng,AsbShng,None,0.0,TA,TA,BrkTil,TA,Fa,No,Unf,0.0,Unf,0.0,796.0,796.0,GasA,Fa,N,SBrkr,796,0,0,796,0.0,0.0,1,0,2,1,TA,5,Typ,0,,,,,0.0,0.0,,,N,0,0,100,0,0,0,,MnPrv,,0,1,2008,WD ,Normal,55000
2388,528118020,60,RL,108.0,13418,Pave,,Reg,Lvl,AllPub,Inside,Gtl,NridgHt,Norm,Norm,1Fam,2Story,8,5,2004,2005,Gable,CompShg,VinylSd,VinylSd,Stone,132.0,Gd,TA,PConc,Ex,TA,Av,Unf,0.0,Unf,0.0,1117.0,1117.0,GasA,Ex,Y,SBrkr,1132,1320,0,2452,0.0,0.0,3,1,4,1,Gd,9,Typ,1,Gd,BuiltIn,2004.0,Fin,3.0,691.0,TA,TA,Y,113,32,0,0,0,0,,,,0,9,2006,WD ,Normal,309000
170,902102100,50,RM,60.0,4800,Pave,,Reg,Lvl,AllPub,Corner,Gtl,OldTown,Norm,Norm,1Fam,1.5Fin,4,5,1900,1954,Hip,CompShg,Wd Sdng,Wd Sdng,BrkFace,771.0,TA,TA,PConc,TA,TA,No,ALQ,48.0,Unf,0.0,661.0,709.0,GasA,TA,Y,SBrkr,1157,687,0,1844,1.0,0.0,1,0,3,1,TA,9,Min2,2,Gd,Basment,1900.0,Unf,1.0,240.0,TA,TA,Y,84,0,0,0,0,0,,,,0,1,2010,COD,Abnorml,80400
1677,527450150,160,RM,21.0,1890,Pave,,Reg,Lvl,AllPub,Inside,Gtl,BrDale,Norm,Norm,Twnhs,2Story,6,5,1973,1973,Gable,CompShg,HdBoard,HdBoard,BrkFace,285.0,TA,TA,CBlock,TA,TA,No,BLQ,356.0,Unf,0.0,316.0,672.0,GasA,TA,Y,SBrkr,672,546,0,1218,0.0,0.0,1,1,3,1,TA,7,Typ,0,,Detchd,1973.0,Unf,1.0,264.0,TA,TA,Y,144,28,0,0,0,0,,,,0,5,2007,WD ,Normal,113000
596,534226120,20,RL,70.0,9100,Pave,,Reg,Lvl,AllPub,Inside,Gtl,NAmes,Norm,Norm,1Fam,1Story,5,6,1965,1965,Gable,CompShg,VinylSd,VinylSd,None,0.0,TA,TA,CBlock,TA,TA,No,BLQ,338.0,Rec,466.0,121.0,925.0,GasA,Ex,Y,SBrkr,925,0,0,925,0.0,1.0,1,0,2,1,TA,5,Typ,0,,Detchd,1965.0,Unf,1.0,429.0,TA,TA,Y,0,0,0,0,0,0,,GdWo,,0,7,2009,WD ,Normal,117500
738,903228070,50,RM,60.0,6000,Pave,,Reg,Lvl,AllPub,Corner,Gtl,BrkSide,Norm,Norm,1Fam,1.5Fin,5,5,1924,1950,Gable,CompShg,Stucco,Stucco,BrkFace,444.0,TA,TA,BrkTil,TA,TA,No,Rec,220.0,Unf,0.0,248.0,468.0,GasA,Gd,Y,SBrkr,822,320,0,1142,0.0,0.0,1,0,3,1,TA,6,Typ,0,,Attchd,1924.0,Fin,1.0,320.0,TA,TA,Y,0,0,98,0,0,0,,,,0,6,2009,WD ,Normal,93000
2722,905200340,20,RL,102.0,17920,Pave,,Reg,Lvl,AllPub,Inside,Gtl,Sawyer,Norm,Norm,1Fam,1Story,5,4,1955,1974,Hip,CompShg,Wd Sdng,Plywood,None,0.0,TA,TA,CBlock,TA,TA,Mn,ALQ,306.0,Rec,1085.0,372.0,1763.0,GasA,TA,Y,SBrkr,1779,0,0,1779,1.0,0.0,1,1,3,1,TA,6,Typ,1,Gd,Attchd,1955.0,Unf,2.0,454.0,TA,TA,Y,0,418,0,0,312,0,,,,0,7,2006,WD ,Abnorml,170000
2593,535353180,190,RL,94.0,22136,Pave,,Reg,Lvl,AllPub,Inside,Gtl,OldTown,Artery,Norm,2fmCon,1.5Fin,5,5,1925,1975,Gable,CompShg,MetalSd,MetalSd,None,0.0,TA,Fa,CBlock,TA,TA,Mn,GLQ,1018.0,Unf,0.0,1153.0,2171.0,GasA,TA,Y,SBrkr,1392,1248,0,2640,2.0,0.0,2,1,5,1,TA,10,Maj1,1,Gd,Attchd,1977.0,RFn,3.0,1008.0,TA,TA,N,631,48,148,0,0,0,,,,0,7,2006,WD ,Normal,180000
1266,535427070,20,RL,313.0,27650,Pave,,IR2,HLS,AllPub,Inside,Mod,NAmes,PosA,Norm,1Fam,1Story,7,7,1960,2007,Flat,Tar&Grv,Wd Sdng,Wd Sdng,None,0.0,TA,TA,CBlock,Gd,TA,Gd,GLQ,425.0,Unf,0.0,160.0,585.0,GasA,Ex,Y,SBrkr,2069,0,0,2069,1.0,0.0,2,0,4,1,Gd,9,Typ,1,Gd,Attchd,1960.0,RFn,2.0,505.0,TA,TA,Y,0,0,0,0,0,0,,,,0,11,2008,WD ,Normal,242000
707,902202150,190,RM,50.0,6000,Pave,,Reg,Lvl,AllPub,Inside,Gtl,OldTown,Norm,Norm,2fmCon,1.5Fin,5,4,1954,1954,Gable,CompShg,Wd Sdng,Wd Sdng,None,0.0,TA,TA,CBlock,TA,TA,No,Unf,0.0,Unf,0.0,811.0,811.0,GasA,TA,Y,FuseA,811,576,0,1387,0.0,0.0,2,0,3,2,Gd,7,Typ,0,,BuiltIn,1954.0,Unf,1.0,256.0,TA,TA,Y,0,0,0,0,0,0,,,,0,11,2009,WD ,Normal,93000
494,528294050,80,RL,64.0,7848,Pave,,IR1,Lvl,AllPub,Inside,Gtl,Gilbert,Norm,Norm,1Fam,SLvl,7,6,1999,1999,Gable,CompShg,VinylSd,VinylSd,None,0.0,TA,TA,PConc,TA,TA,No,Unf,0.0,Unf,0.0,384.0,384.0,GasA,Ex,Y,SBrkr,774,656,0,1430,0.0,0.0,2,1,3,1,TA,7,Typ,1,TA,BuiltIn,1999.0,Fin,2.0,410.0,TA,TA,Y,0,0,0,0,0,0,,,,0,6,2009,WD ,Normal,168000
169,535477020,60,RL,70.0,7700,Pave,,Reg,Lvl,AllPub,Inside,Gtl,NAmes,PosN,Norm,1Fam,2Story,6,5,1966,1966,Gable,CompShg,MetalSd,MetalSd,BrkFace,351.0,TA,TA,CBlock,TA,TA,No,Unf,0.0,Unf,0.0,756.0,756.0,GasA,TA,Y,SBrkr,1051,788,0,1839,0.0,0.0,1,1,4,1,TA,7,Typ,1,TA,Attchd,1966.0,Unf,2.0,442.0,TA,TA,Y,0,124,216,0,0,0,,,,0,6,2010,WD ,Normal,155000
492,528292040,60,RL,,24682,Pave,,IR3,Lvl,AllPub,CulDSac,Gtl,Gilbert,RRAn,Norm,1Fam,2Story,6,5,1999,1999,Gable,CompShg,VinylSd,VinylSd,None,0.0,TA,TA,PConc,Gd,TA,No,Unf,0.0,Unf,0.0,841.0,841.0,GasA,Ex,Y,SBrkr,892,783,0,1675,0.0,0.0,2,1,3,1,TA,7,Typ,1,TA,BuiltIn,1999.0,Fin,2.0,502.0,TA,TA,Y,0,103,0,0,0,0,,,,0,6,2009,WD ,Normal,181000
861,907227110,85,RL,60.0,7200,Pave,,Reg,Lvl,AllPub,Inside,Gtl,CollgCr,Norm,Norm,1Fam,SFoyer,5,8,1972,2003,Gable,CompShg,WdShing,HdBoard,None,0.0,TA,Gd,CBlock,Gd,TA,Av,GLQ,660.0,Unf,0.0,108.0,768.0,GasA,Gd,Y,SBrkr,768,0,0,768,0.0,1.0,1,0,2,1,TA,5,Typ,0,,Detchd,1974.0,Fin,1.0,396.0,TA,TA,Y,192,0,0,0,0,0,,MnPrv,,0,4,2009,WD ,Normal,133900
537,531369010,60,RL,96.0,10628,Pave,,IR1,Lvl,AllPub,Corner,Gtl,SawyerW,Norm,Norm,1Fam,2Story,7,5,2004,2004,Gable,CompShg,VinylSd,VinylSd,None,0.0,Gd,TA,PConc,Gd,TA,Gd,Unf,0.0,Unf,0.0,835.0,835.0,GasA,Ex,Y,SBrkr,871,941,0,1812,0.0,0.0,2,1,3,1,Gd,8,Typ,0,,BuiltIn,2004.0,RFn,2.0,478.0,TA,TA,Y,146,91,0,0,0,0,,,,0,1,2009,WD ,Normal,193000
2814,907418020,60,RL,68.0,8846,Pave,,Reg,Lvl,AllPub,Inside,Gtl,CollgCr,Norm,Norm,1Fam,2Story,6,5,2005,2006,Gable,CompShg,VinylSd,VinylSd,None,0.0,TA,TA,PConc,Gd,TA,No,Unf,0.0,Unf,0.0,750.0,750.0,GasA,Ex,Y,SBrkr,750,750,0,1500,0.0,0.0,2,1,3,1,Gd,6,Typ,0,,Attchd,2005.0,RFn,2.0,564.0,TA,TA,Y,0,35,0,0,0,0,,,,0,8,2006,New,Partial,173900
399,527405160,20,RL,60.0,6960,Pave,,Reg,Lvl,AllPub,Inside,Gtl,NAmes,Norm,Norm,1Fam,1Story,4,6,1970,1970,Gable,CompShg,HdBoard,Plywood,None,0.0,TA,TA,CBlock,TA,TA,No,ALQ,375.0,BLQ,239.0,250.0,864.0,GasA,TA,Y,SBrkr,864,0,0,864,0.0,0.0,1,0,3,1,Gd,5,Typ,0,,Detchd,1989.0,Unf,2.0,660.0,TA,TA,Y,96,0,0,0,0,0,,,Shed,500,11,2009,WD ,Normal,120500
723,902402150,30,RM,60.0,7200,Pave,,Reg,Lvl,AllPub,Inside,Gtl,OldTown,Norm,Norm,1Fam,1Story,5,4,1910,2006,Hip,CompShg,MetalSd,Stucco,None,0.0,TA,TA,BrkTil,TA,TA,No,ALQ,247.0,Rec,465.0,310.0,1022.0,GasW,TA,N,SBrkr,1022,0,0,1022,1.0,0.0,1,0,2,1,TA,4,Maj2,0,,Detchd,1956.0,Unf,1.0,280.0,TA,TA,Y,0,30,226,0,0,0,,,,0,6,2009,WD ,Normal,85000
2459,528439030,20,RL,73.0,8688,Pave,,Reg,Lvl,AllPub,Inside,Gtl,Somerst,Norm,Norm,1Fam,1Story,7,5,2005,2005,Gable,CompShg,VinylSd,VinylSd,BrkFace,228.0,Gd,TA,PConc,Gd,TA,Av,Unf,0.0,Unf,0.0,1616.0,1616.0,GasA,Ex,Y,SBrkr,1616,0,0,1616,0.0,0.0,2,0,3,1,Gd,7,Typ,0,,Attchd,2005.0,RFn,3.0,834.0,TA,TA,Y,208,59,0,0,0,0,,,,0,4,2006,WD ,Normal,232000
1908,534478140,90,RL,95.0,11345,Pave,,Reg,Lvl,AllPub,Corner,Gtl,NAmes,Feedr,Norm,Duplex,2Story,5,5,1948,1950,Gable,Roll,AsbShng,AsbShng,Stone,567.0,TA,TA,CBlock,TA,TA,No,Rec,220.0,Unf,0.0,708.0,928.0,GasA,Gd,Y,FuseA,928,992,0,1920,0.0,0.0,2,0,4,2,TA,10,Typ,0,,Detchd,1948.0,Unf,2.0,400.0,TA,Fa,Y,0,0,0,0,0,0,,,,0,7,2007,WD ,Normal,137000
1210,534401130,80,RL,82.0,9020,Pave,,Reg,Lvl,AllPub,Inside,Gtl,NAmes,Norm,Norm,1Fam,SLvl,6,7,1966,1966,Gable,CompShg,HdBoard,HdBoard,BrkFace,183.0,TA,TA,CBlock,TA,TA,Gd,Rec,312.0,ALQ,539.0,276.0,1127.0,GasA,TA,Y,SBrkr,1165,0,0,1165,1.0,0.0,1,1,3,1,TA,6,Typ,0,,Attchd,1966.0,RFn,2.0,490.0,Gd,Gd,Y,0,129,0,0,0,0,,GdPrv,,0,5,2008,WD ,Normal,174900
1809,531375140,20,RL,60.0,12450,Pave,,Reg,Lvl,AllPub,Inside,Gtl,SawyerW,RRAe,Norm,1Fam,1Story,5,5,2003,2004,Gable,CompShg,VinylSd,VinylSd,BrkFace,126.0,Gd,TA,PConc,Gd,TA,No,GLQ,729.0,Unf,0.0,365.0,1094.0,GasA,Ex,Y,SBrkr,1094,0,0,1094,1.0,0.0,1,0,3,1,Gd,6,Typ,0,,Detchd,2004.0,Unf,2.0,576.0,TA,TA,Y,0,0,0,0,0,0,,,,0,5,2007,WD ,Normal,149000
2853,909250210,50,RL,60.0,6000,Pave,,Reg,Lvl,AllPub,Inside,Gtl,SWISU,Norm,Norm,1Fam,1.5Fin,5,5,1926,1950,Gable,CompShg,Wd Sdng,Wd Sdng,None,0.0,TA,Fa,BrkTil,TA,TA,No,Unf,0.0,Unf,0.0,1008.0,1008.0,GasA,Ex,Y,SBrkr,1008,0,514,1522,0.0,0.0,2,0,4,1,TA,7,Typ,0,,,,,0.0,0.0,,,P,0,0,138,0,0,0,,,,0,6,2006,WD ,Normal,102000
2670,902456015,50,C (all),63.0,4761,Pave,,Reg,Lvl,AllPub,Corner,Gtl,IDOTRR,Norm,Norm,1Fam,1.5Unf,3,3,1918,1950,Gable,CompShg,Wd Sdng,Wd Sdng,None,0.0,Fa,Fa,BrkTil,TA,Fa,No,Unf,0.0,Unf,0.0,1020.0,1020.0,GasA,Fa,N,FuseP,1020,0,0,1020,0.0,0.0,1,0,2,1,Fa,5,Typ,0,,,,,0.0,0.0,,,N,0,0,105,0,0,0,,,,0,10,2006,ConLD,Normal,64500
2425,528228430,120,RM,,3072,Pave,,Reg,Lvl,AllPub,Inside,Gtl,Blmngtn,Norm,Norm,TwnhsE,1Story,7,5,2004,2004,Hip,CompShg,VinylSd,VinylSd,BrkFace,18.0,Gd,TA,PConc,Gd,TA,No,GLQ,1059.0,Unf,0.0,306.0,1365.0,GasA,Ex,Y,SBrkr,1548,0,0,1548,1.0,0.0,2,0,2,1,Gd,7,Typ,1,TA,Attchd,2004.0,Fin,2.0,388.0,TA,TA,Y,143,20,0,0,0,0,,,,0,9,2006,WD ,Normal,225000
2395,528142070,60,RL,82.0,11643,Pave,,IR1,Lvl,AllPub,Inside,Gtl,NridgHt,Norm,Norm,1Fam,2Story,8,5,2005,2006,Hip,CompShg,MetalSd,MetalSd,BrkFace,142.0,Gd,TA,PConc,Ex,TA,Av,GLQ,880.0,Unf,0.0,644.0,1524.0,GasA,Ex,Y,SBrkr,1544,814,0,2358,1.0,0.0,2,1,4,1,Ex,10,Typ,1,Gd,BuiltIn,2005.0,Fin,3.0,784.0,TA,TA,Y,120,34,0,0,0,0,,,,0,8,2006,New,Partial,329900
959,916382010,60,RL,83.0,13159,Pave,,IR1,HLS,AllPub,Corner,Gtl,Timber,Norm,Norm,1Fam,2Story,7,5,2009,2009,Gable,CompShg,VinylSd,VinylSd,None,0.0,TA,TA,PConc,Ex,TA,Av,Unf,0.0,Unf,0.0,846.0,846.0,GasA,Gd,Y,SBrkr,846,846,0,1692,0.0,0.0,2,1,3,1,Gd,6,Typ,0,,Attchd,2009.0,RFn,2.0,650.0,TA,TA,Y,208,114,0,0,0,0,,,,0,7,2009,New,Partial,224500
257,907125090,85,RL,82.0,11105,Pave,,Reg,Lvl,AllPub,Corner,Gtl,CollgCr,Norm,Norm,1Fam,SFoyer,5,5,1996,1996,Gable,CompShg,VinylSd,VinylSd,None,0.0,TA,Gd,PConc,Gd,Fa,Av,GLQ,870.0,Unf,0.0,0.0,870.0,GasA,Gd,Y,SBrkr,965,0,0,965,1.0,0.0,1,0,2,1,TA,4,Typ,0,,Attchd,1998.0,Unf,2.0,580.0,Gd,TA,Y,71,0,0,0,0,0,,GdPrv,,0,7,2010,WD ,Normal,159000
2129,907187040,60,RL,47.0,10820,Pave,,IR2,Lvl,AllPub,CulDSac,Gtl,CollgCr,Norm,Norm,1Fam,2Story,7,5,1999,1999,Gable,CompShg,VinylSd,VinylSd,None,0.0,Gd,TA,PConc,Gd,TA,Gd,GLQ,342.0,Unf,0.0,646.0,988.0,GasA,Ex,Y,SBrkr,988,885,0,1873,0.0,0.0,2,1,3,1,Gd,7,Typ,1,TA,Attchd,1999.0,RFn,2.0,597.0,TA,TA,Y,202,123,0,0,0,0,,,,0,3,2007,WD ,Normal,235500
1909,534479120,50,RL,79.0,9492,Pave,,Reg,Lvl,AllPub,Inside,Gtl,NAmes,Artery,Norm,1Fam,1.5Fin,5,5,1941,1950,Gable,CompShg,WdShing,Wd Shng,None,0.0,TA,TA,CBlock,TA,TA,No,Rec,368.0,BLQ,41.0,359.0,768.0,GasA,TA,Y,SBrkr,968,408,0,1376,1.0,0.0,1,0,3,1,TA,6,Typ,1,Gd,Attchd,1941.0,Unf,1.0,240.0,TA,TA,Y,0,0,0,0,0,0,,,,0,4,2007,WD ,Normal,105000
1798,528458120,60,FV,75.0,9000,Pave,,Reg,Lvl,AllPub,Inside,Gtl,Somerst,Norm,Norm,1Fam,2Story,8,5,2006,2006,Gable,CompShg,VinylSd,VinylSd,None,0.0,Gd,TA,PConc,Gd,TA,Av,Unf,0.0,Unf,0.0,1088.0,1088.0,GasA,Ex,Y,SBrkr,1088,871,0,1959,0.0,0.0,2,1,3,1,Gd,8,Typ,1,Gd,Attchd,2006.0,RFn,3.0,1025.0,TA,TA,Y,208,46,0,0,0,0,,,,0,12,2007,WD ,Normal,270000
1704,528120150,60,RL,76.0,9591,Pave,,Reg,Lvl,AllPub,Inside,Gtl,NridgHt,Norm,Norm,1Fam,2Story,8,5,2004,2005,Gable,CompShg,VinylSd,VinylSd,BrkFace,344.0,Gd,TA,PConc,Ex,TA,Av,Unf,0.0,Unf,0.0,1143.0,1143.0,GasA,Ex,Y,SBrkr,1143,1330,0,2473,0.0,0.0,2,1,4,1,Gd,9,Typ,1,Gd,BuiltIn,2004.0,RFn,3.0,852.0,TA,TA,Y,192,151,0,0,0,0,,,,0,10,2007,WD ,Normal,317000
2645,902110120,190,RM,56.0,7745,Pave,Grvl,Reg,Lvl,AllPub,Inside,Gtl,OldTown,Norm,Norm,2fmCon,1.5Fin,4,6,1900,1950,Gable,CompShg,MetalSd,MetalSd,None,0.0,Gd,TA,PConc,TA,TA,No,Unf,0.0,Unf,0.0,938.0,938.0,GasA,Gd,N,SBrkr,1084,867,0,1951,0.0,0.0,2,0,4,2,Fa,9,Typ,0,,Detchd,1993.0,Unf,2.0,576.0,TA,TA,P,0,6,28,0,0,0,,,,0,4,2006,WD ,Normal,111500
625,535105100,20,RL,,9500,Pave,,IR1,Lvl,AllPub,Inside,Gtl,NAmes,Norm,Norm,1Fam,1Story,6,5,1963,1963,Gable,CompShg,Plywood,Plywood,BrkFace,247.0,TA,TA,CBlock,Gd,TA,No,BLQ,609.0,Unf,0.0,785.0,1394.0,GasA,Gd,Y,SBrkr,1394,0,0,1394,1.0,0.0,1,1,3,1,TA,6,Typ,2,Gd,Attchd,1963.0,RFn,2.0,514.0,TA,TA,Y,0,76,0,0,185,0,,,,0,7,2009,WD ,Normal,159000
2631,535477060,60,RL,69.0,7590,Pave,,Reg,Lvl,AllPub,Inside,Gtl,NAmes,PosN,Norm,1Fam,2Story,6,5,1966,1966,Gable,CompShg,VinylSd,VinylSd,BrkFace,266.0,TA,TA,CBlock,TA,TA,No,BLQ,512.0,Unf,0.0,148.0,660.0,GasA,TA,Y,SBrkr,660,688,0,1348,0.0,0.0,1,1,3,1,TA,6,Typ,1,Fa,Attchd,1966.0,RFn,2.0,453.0,TA,TA,Y,188,108,0,0,0,0,,,,0,7,2006,WD ,Normal,155000
2710,905103140,80,RL,96.0,11777,Pave,,IR1,Lvl,AllPub,Inside,Gtl,Sawyer,Norm,Norm,1Fam,SLvl,5,6,1966,1966,Gable,CompShg,VinylSd,VinylSd,BrkFace,97.0,TA,TA,CBlock,TA,TA,Av,LwQ,328.0,ALQ,551.0,285.0,1164.0,GasA,Ex,Y,SBrkr,1320,0,0,1320,1.0,0.0,1,0,3,1,TA,6,Typ,2,Fa,Attchd,1966.0,RFn,2.0,564.0,TA,TA,Y,160,68,240,0,0,0,,,,0,5,2006,WD ,Abnorml,164500
428,528108040,60,RL,95.0,12350,Pave,,Reg,Lvl,AllPub,Inside,Gtl,NridgHt,Norm,Norm,1Fam,2Story,9,5,2009,2009,Gable,CompShg,VinylSd,VinylSd,None,0.0,Gd,TA,PConc,Ex,TA,No,GLQ,986.0,Unf,0.0,379.0,1365.0,GasA,Ex,Y,SBrkr,1365,1325,0,2690,1.0,0.0,2,1,3,1,Ex,8,Typ,1,Gd,Attchd,2009.0,RFn,3.0,864.0,TA,TA,Y,0,197,0,0,0,0,,,,0,7,2009,New,Partial,398800
724,902405100,50,RM,98.0,8820,Pave,,Reg,Lvl,AllPub,Corner,Gtl,OldTown,Norm,Norm,1Fam,1.5Fin,5,6,1890,1996,Hip,CompShg,VinylSd,VinylSd,None,0.0,TA,TA,BrkTil,TA,TA,No,LwQ,1088.0,Unf,0.0,0.0,1088.0,GasA,TA,Y,SBrkr,1188,561,120,1869,0.0,0.0,1,0,2,1,TA,7,Typ,0,,Detchd,1963.0,Unf,2.0,456.0,TA,TA,Y,48,0,244,0,0,0,,MnWw,,0,9,2009,WD ,Normal,124900
6,527105030,60,RL,78.0,9978,Pave,,IR1,Lvl,AllPub,Inside,Gtl,Gilbert,Norm,Norm,1Fam,2Story,6,6,1998,1998,Gable,CompShg,VinylSd,VinylSd,BrkFace,20.0,TA,TA,PConc,TA,TA,No,GLQ,602.0,Unf,0.0,324.0,926.0,GasA,Ex,Y,SBrkr,926,678,0,1604,0.0,0.0,2,1,3,1,Gd,7,Typ,1,Gd,Attchd,1998.0,Fin,2.0,470.0,TA,TA,Y,360,36,0,0,0,0,,,,0,6,2010,WD ,Normal,195500
1482,907425010,120,RM,,4426,Pave,,Reg,Lvl,AllPub,Inside,Gtl,CollgCr,Norm,Norm,TwnhsE,1Story,6,5,2004,2004,Gable,CompShg,VinylSd,VinylSd,BrkFace,147.0,Gd,TA,PConc,Gd,TA,Av,GLQ,697.0,Unf,0.0,151.0,848.0,GasA,Ex,Y,SBrkr,848,0,0,848,1.0,0.0,1,0,1,1,Gd,3,Typ,1,TA,Attchd,2004.0,RFn,2.0,420.0,TA,TA,Y,149,0,0,0,0,0,,,,0,5,2008,WD ,Normal,149300
735,903226170,50,RM,50.0,6000,Pave,,Reg,Lvl,AllPub,Inside,Gtl,BrkSide,Norm,Norm,1Fam,1.5Fin,6,9,1937,2000,Gable,CompShg,MetalSd,MetalSd,None,0.0,Gd,TA,BrkTil,TA,TA,No,Unf,0.0,Unf,0.0,698.0,698.0,GasA,TA,Y,SBrkr,786,390,0,1176,0.0,0.0,1,0,2,1,TA,4,Typ,0,,Detchd,1999.0,Unf,2.0,624.0,TA,TA,N,210,0,0,0,0,0,,,,0,7,2009,WD ,Normal,134900
618,534475250,20,RL,90.0,9900,Pave,,Reg,Lvl,AllPub,Inside,Gtl,NAmes,Feedr,Norm,1Fam,1Story,6,5,1967,1967,Gable,CompShg,BrkComm,Brk Cmn,None,0.0,Gd,TA,CBlock,TA,TA,No,Rec,1173.0,Unf,0.0,507.0,1680.0,GasA,TA,Y,SBrkr,1691,0,0,1691,1.0,0.0,1,0,2,1,TA,5,Typ,0,,Attchd,1967.0,Unf,2.0,550.0,Gd,TA,Y,0,67,260,0,0,0,,MnPrv,,0,4,2009,WD ,Normal,175000
944,911104060,30,C (all),60.0,10200,Pave,Grvl,Reg,Lvl,AllPub,Inside,Gtl,IDOTRR,Norm,Norm,1Fam,1Story,4,6,1925,1950,Gable,CompShg,MetalSd,MetalSd,None,0.0,TA,TA,BrkTil,TA,TA,No,Unf,0.0,Unf,0.0,572.0,572.0,GasA,Fa,N,FuseP,572,0,0,572,0.0,0.0,1,0,2,1,TA,4,Typ,0,,Detchd,1940.0,Unf,1.0,200.0,TA,TA,N,0,0,72,0,0,0,,,,0,5,2009,WD ,Normal,75000
1376,904351280,190,RL,62.0,10106,Pave,,Reg,Lvl,AllPub,Inside,Gtl,Edwards,Norm,Norm,2fmCon,1.5Fin,5,7,1940,1999,Gable,CompShg,Wd Sdng,Wd Sdng,None,0.0,TA,Gd,BrkTil,TA,TA,No,ALQ,351.0,Rec,181.0,112.0,644.0,GasA,Gd,Y,SBrkr,808,547,0,1355,1.0,0.0,2,0,4,2,TA,6,Typ,0,,,,,0.0,0.0,,,Y,140,0,0,0,0,0,,,,0,9,2008,WD ,Normal,127500
2336,527216010,60,RL,92.0,15922,Pave,,IR1,HLS,AllPub,Corner,Gtl,StoneBr,Norm,Norm,1Fam,2Story,9,5,2005,2006,Hip,CompShg,VinylSd,VinylSd,BrkFace,550.0,Gd,TA,PConc,Ex,TA,Av,Unf,0.0,Unf,0.0,1390.0,1390.0,GasA,Ex,Y,SBrkr,1390,1405,0,2795,0.0,0.0,3,1,4,1,Ex,10,Typ,1,Gd,BuiltIn,2005.0,Fin,3.0,660.0,TA,TA,Y,272,102,0,0,0,0,,,,0,1,2006,New,Partial,401179
2624,535453160,20,RL,70.0,7560,Pave,,Reg,Lvl,AllPub,Inside,Gtl,NAmes,Norm,Norm,1Fam,1Story,5,5,1959,1959,Gable,CompShg,BrkFace,Wd Sdng,None,0.0,TA,TA,CBlock,TA,TA,No,LwQ,369.0,Unf,0.0,671.0,1040.0,GasA,TA,Y,FuseA,1040,0,0,1040,0.0,0.0,1,0,3,1,TA,6,Typ,0,,Attchd,1959.0,RFn,1.0,286.0,TA,TA,Y,140,0,252,0,0,0,,GdWo,,0,7,2006,WD ,Normal,133700
573,533223030,160,FV,35.0,3768,Pave,,Reg,Lvl,AllPub,FR2,Gtl,Somerst,Norm,Norm,TwnhsE,2Story,7,5,1999,1999,Hip,CompShg,MetalSd,MetalSd,BrkFace,218.0,Gd,TA,PConc,Gd,TA,No,GLQ,549.0,Unf,0.0,142.0,691.0,GasA,Ex,Y,SBrkr,713,739,0,1452,1.0,0.0,2,1,3,1,Gd,6,Typ,0,,Detchd,1999.0,Unf,2.0,506.0,TA,TA,Y,0,34,0,0,0,0,,,,0,9,2009,WD ,Normal,156000
1206,534277060,20,RL,77.0,8593,Pave,,IR1,Lvl,AllPub,Inside,Gtl,NAmes,Norm,Norm,1Fam,1Story,4,6,1957,1957,Hip,CompShg,MetalSd,MetalSd,None,0.0,TA,TA,CBlock,TA,TA,No,Rec,288.0,Unf,0.0,619.0,907.0,GasA,Ex,Y,SBrkr,907,0,0,907,0.0,0.0,1,0,3,1,TA,5,Typ,0,,Detchd,1964.0,Unf,1.0,352.0,TA,TA,Y,0,0,0,0,0,0,,,,0,7,2008,WD ,Normal,109008
1838,533208010,120,FV,47.0,4230,Pave,Pave,Reg,Lvl,AllPub,Corner,Gtl,Somerst,Norm,Norm,TwnhsE,1Story,7,5,2006,2007,Gable,CompShg,VinylSd,VinylSd,None,0.0,Gd,TA,PConc,Ex,Gd,No,Unf,0.0,Unf,0.0,1352.0,1352.0,GasA,Ex,Y,SBrkr,1352,0,0,1352,0.0,0.0,2,0,2,1,Gd,5,Typ,1,Gd,Attchd,2006.0,RFn,2.0,466.0,TA,TA,Y,0,241,0,0,0,0,,,,0,4,2007,New,Partial,208900
1618,527110080,60,RL,,13869,Pave,,IR2,Lvl,AllPub,Corner,Gtl,Gilbert,Norm,Norm,1Fam,2Story,6,6,1997,1997,Gable,CompShg,VinylSd,VinylSd,None,0.0,TA,TA,PConc,Gd,TA,Av,GLQ,182.0,Unf,0.0,612.0,794.0,GasA,Gd,Y,SBrkr,794,676,0,1470,0.0,1.0,2,0,3,1,TA,6,Typ,0,,Attchd,1997.0,Fin,2.0,388.0,TA,TA,Y,0,75,0,0,0,0,,,,0,7,2007,WD ,Normal,177000
2857,909256020,50,RL,51.0,6191,Pave,,Reg,Lvl,AllPub,Corner,Gtl,SWISU,Norm,Norm,1Fam,1.5Fin,5,4,1941,1950,Gable,CompShg,Wd Sdng,Wd Sdng,None,0.0,TA,TA,CBlock,Fa,Fa,No,LwQ,384.0,Unf,0.0,440.0,824.0,GasA,TA,N,SBrkr,824,464,0,1288,0.0,0.0,1,0,4,1,TA,6,Typ,0,,Detchd,1941.0,Unf,1.0,240.0,TA,TA,Y,0,0,0,0,0,0,,,,0,11,2006,WD ,Normal,112000
2604,535381060,50,RL,60.0,10410,Pave,Grvl,Reg,Lvl,AllPub,Corner,Gtl,OldTown,Artery,Norm,1Fam,1.5Fin,3,4,1915,1950,Gable,CompShg,Wd Sdng,Wd Sdng,None,0.0,TA,TA,PConc,TA,TA,No,Unf,0.0,Unf,0.0,672.0,672.0,GasA,TA,Y,SBrkr,694,520,0,1214,0.0,0.0,1,0,3,1,TA,6,Typ,0,,Detchd,1998.0,Unf,3.0,936.0,TA,TA,Y,216,0,160,0,0,0,,MnPrv,,0,1,2006,WD ,Family,105000
733,903205040,30,RL,,8854,Pave,,Reg,Lvl,AllPub,Inside,Gtl,BrkSide,Norm,Norm,1Fam,1.5Unf,6,6,1916,1950,Gable,CompShg,Wd Sdng,Wd Sdng,None,0.0,TA,TA,BrkTil,TA,TA,No,Unf,0.0,Unf,0.0,952.0,952.0,Grav,Fa,N,FuseF,952,0,0,952,0.0,0.0,1,0,2,1,Fa,4,Typ,1,Gd,Detchd,1916.0,Unf,1.0,192.0,Fa,Po,P,0,98,0,0,40,0,,,,0,5,2009,WD ,Normal,121000
1322,902402260,70,RM,60.0,11340,Pave,,Reg,Lvl,AllPub,Inside,Gtl,OldTown,Norm,Norm,1Fam,2Story,2,1,1920,1950,Gable,CompShg,AsbShng,AsbShng,None,0.0,Fa,Fa,BrkTil,Fa,Fa,No,Unf,0.0,Unf,0.0,723.0,723.0,GasA,TA,N,SBrkr,723,363,0,1086,0.0,0.0,1,0,2,1,TA,5,Maj1,0,,Detchd,1920.0,Unf,2.0,400.0,Fa,Po,N,0,24,144,0,0,0,,,,0,11,2008,ConLD,Normal,55000
1080,528190010,120,RM,59.0,8198,Pave,,Reg,Lvl,AllPub,FR3,Gtl,NridgHt,Norm,Norm,TwnhsE,1Story,7,5,2004,2004,Gable,CompShg,VinylSd,VinylSd,Stone,146.0,Gd,TA,PConc,Gd,TA,Av,GLQ,720.0,Unf,0.0,638.0,1358.0,GasA,Ex,Y,SBrkr,1358,0,0,1358,1.0,0.0,2,0,2,1,Gd,6,Typ,1,Gd,Attchd,2004.0,RFn,2.0,484.0,TA,TA,Y,192,30,0,0,0,0,,,,0,7,2008,WD ,Normal,207000
2126,907135080,20,RL,70.0,16561,Pave,,IR2,Low,AllPub,Inside,Mod,CollgCr,Norm,Norm,1Fam,1Story,5,5,1996,1996,Gable,CompShg,VinylSd,VinylSd,None,0.0,TA,TA,PConc,Gd,TA,No,ALQ,549.0,Unf,0.0,548.0,1097.0,GasA,Ex,Y,SBrkr,1097,0,0,1097,1.0,0.0,1,1,3,1,TA,6,Typ,0,,Attchd,1996.0,Unf,1.0,242.0,TA,TA,Y,306,0,0,0,0,0,,GdPrv,,0,7,2007,WD ,Normal,147900
748,903400220,75,RL,,11888,Pave,Pave,IR1,Bnk,AllPub,Inside,Gtl,BrkSide,PosN,Norm,1Fam,2.5Unf,6,6,1916,1994,Gable,CompShg,Wd Sdng,Wd Shng,None,0.0,TA,TA,BrkTil,TA,TA,No,Unf,0.0,Unf,0.0,844.0,844.0,GasA,Gd,N,FuseA,1445,689,0,2134,0.0,0.0,2,0,5,1,Gd,10,Typ,0,,Detchd,1930.0,Unf,2.0,441.0,TA,TA,Y,0,60,268,0,0,0,,,,0,7,2009,WD ,Normal,214500
2132,907192040,60,RL,,8826,Pave,,Reg,Lvl,AllPub,Inside,Gtl,CollgCr,Norm,Norm,1Fam,2Story,7,5,2000,2000,Gable,CompShg,VinylSd,VinylSd,BrkFace,144.0,Gd,TA,PConc,Gd,TA,No,GLQ,841.0,Unf,0.0,144.0,985.0,GasA,Ex,Y,SBrkr,985,857,0,1842,1.0,0.0,2,1,3,1,Gd,7,Typ,1,TA,Attchd,2000.0,Fin,2.0,486.0,TA,TA,Y,193,96,0,0,0,0,,,,0,7,2007,WD ,Normal,217500
998,527107090,20,RL,53.0,14137,Pave,,IR1,Lvl,AllPub,Inside,Gtl,Gilbert,Norm,Norm,1Fam,1Story,5,5,1996,1997,Gable,CompShg,HdBoard,HdBoard,None,0.0,Gd,TA,PConc,Gd,TA,No,GLQ,450.0,Unf,0.0,898.0,1348.0,GasA,Gd,Y,SBrkr,1384,0,0,1384,1.0,0.0,2,0,3,1,Gd,7,Typ,0,,Attchd,1996.0,Unf,2.0,404.0,TA,TA,Y,0,39,0,0,0,0,,,,0,11,2008,WD ,Normal,177900
69,528458070,60,FV,72.0,8640,Pave,,Reg,Lvl,AllPub,Inside,Gtl,Somerst,Norm,Norm,1Fam,2Story,7,5,2009,2009,Gable,CompShg,VinylSd,VinylSd,None,0.0,TA,TA,PConc,Gd,TA,Mn,GLQ,24.0,Unf,0.0,732.0,756.0,GasA,Ex,Y,SBrkr,764,783,0,1547,0.0,0.0,2,1,3,1,Gd,7,Typ,0,,Attchd,2009.0,Unf,2.0,614.0,TA,TA,Y,169,45,0,0,0,0,,,,0,6,2010,Con,Normal,215200
2516,533242030,20,FV,60.0,7180,Pave,Pave,IR1,Lvl,AllPub,Inside,Gtl,Somerst,Norm,Norm,1Fam,1Story,8,5,2001,2002,Gable,CompShg,CemntBd,CmentBd,None,0.0,Gd,TA,PConc,Gd,TA,No,Unf,0.0,Unf,0.0,1568.0,1568.0,GasA,Ex,Y,SBrkr,1568,0,0,1568,0.0,0.0,2,0,3,1,Gd,6,Typ,1,TA,Attchd,2001.0,RFn,2.0,564.0,TA,TA,Y,0,266,0,0,0,0,,,,0,9,2006,WD ,Normal,221000
2076,905377020,20,RL,,22692,Pave,,IR1,Lvl,AllPub,Inside,Gtl,Edwards,Norm,Norm,1Fam,1Story,5,5,1953,1953,Gable,CompShg,MetalSd,MetalSd,None,0.0,TA,TA,CBlock,TA,TA,No,Rec,587.0,Unf,0.0,486.0,1073.0,GasA,TA,Y,SBrkr,1630,0,0,1630,0.0,0.0,2,0,3,1,TA,6,Mod,1,TA,Detchd,1953.0,Unf,2.0,649.0,TA,TA,P,0,64,0,0,0,0,,,,0,3,2007,COD,Normal,130000
2929,924100070,20,RL,77.0,10010,Pave,,Reg,Lvl,AllPub,Inside,Mod,Mitchel,Norm,Norm,1Fam,1Story,5,5,1974,1975,Gable,CompShg,HdBoard,HdBoard,None,0.0,TA,TA,CBlock,Gd,TA,Av,ALQ,1071.0,LwQ,123.0,195.0,1389.0,GasA,Gd,Y,SBrkr,1389,0,0,1389,1.0,0.0,1,0,2,1,TA,6,Typ,1,TA,Attchd,1975.0,RFn,2.0,418.0,TA,TA,Y,240,38,0,0,0,0,,,,0,4,2006,WD ,Normal,170000
154,535325400,30,RL,65.0,7898,Pave,,Reg,Lvl,AllPub,Corner,Gtl,NAmes,Norm,Norm,1Fam,1Story,4,7,1920,1994,Gable,CompShg,MetalSd,MetalSd,None,0.0,TA,TA,BrkTil,TA,TA,No,Unf,0.0,Unf,0.0,576.0,576.0,GasA,Gd,Y,SBrkr,985,0,0,985,0.0,1.0,1,0,2,1,TA,4,Typ,0,,Detchd,1989.0,Unf,2.0,676.0,TA,TA,N,0,0,0,0,0,0,,,,0,4,2010,WD ,Normal,105000
1128,528480160,60,FV,65.0,8125,Pave,,Reg,Lvl,AllPub,Inside,Gtl,Somerst,Norm,Norm,1Fam,2Story,7,6,2007,2007,Gable,CompShg,CemntBd,CmentBd,,,Gd,TA,PConc,Gd,TA,No,Unf,0.0,Unf,0.0,813.0,813.0,GasA,Ex,Y,SBrkr,822,843,0,1665,0.0,0.0,2,1,3,1,Gd,7,Typ,0,,Attchd,2007.0,RFn,2.0,562.0,TA,TA,Y,0,0,0,0,0,0,,,,0,5,2008,WD ,Normal,205950
2666,902400090,30,RM,84.0,11340,Pave,,Reg,Lvl,AllPub,Corner,Gtl,OldTown,Norm,Norm,1Fam,1Story,6,5,1923,1950,Gable,CompShg,Wd Sdng,Wd Sdng,None,0.0,TA,TA,BrkTil,TA,TA,No,Unf,0.0,Unf,0.0,1200.0,1200.0,GasA,TA,Y,FuseA,1200,0,0,1200,0.0,0.0,1,0,4,1,TA,7,Typ,0,,Detchd,1923.0,Unf,1.0,312.0,Fa,Fa,Y,0,0,228,0,0,0,,,,0,3,2006,WD ,Family,125000
777,905200220,20,RL,,11616,Pave,,Reg,Lvl,AllPub,Inside,Gtl,Sawyer,Norm,Norm,1Fam,1Story,5,5,1962,1962,Gable,CompShg,Wd Sdng,Wd Sdng,BrkFace,116.0,TA,TA,CBlock,TA,TA,No,LwQ,170.0,BLQ,670.0,252.0,1092.0,GasA,TA,Y,SBrkr,1092,0,0,1092,0.0,1.0,1,0,3,1,TA,6,Typ,1,Po,Attchd,1962.0,Unf,1.0,288.0,TA,TA,Y,0,20,144,0,0,0,,,,0,9,2009,WD ,Normal,139000
2196,909176170,90,RL,60.0,10890,Pave,,Reg,Lvl,AllPub,Inside,Gtl,SWISU,Norm,Norm,Duplex,2Story,5,6,1923,1950,Hip,CompShg,Wd Sdng,Plywood,None,0.0,TA,TA,PConc,TA,TA,Mn,Rec,371.0,Unf,0.0,925.0,1296.0,Grav,Fa,N,FuseA,1296,1296,0,2592,2.0,0.0,2,0,6,2,TA,12,Min2,0,,,,,0.0,0.0,,,Y,0,742,240,0,0,0,,,Shed,1512,1,2007,WD ,AdjLand,150000
1891,534401120,20,RL,80.0,8800,Pave,,Reg,Lvl,AllPub,Inside,Gtl,NAmes,Norm,Norm,1Fam,1Story,7,6,1966,1966,Hip,CompShg,HdBoard,Plywood,BrkFace,202.0,TA,TA,CBlock,TA,TA,No,BLQ,654.0,Unf,0.0,520.0,1174.0,GasA,Ex,Y,SBrkr,1200,0,0,1200,0.0,1.0,2,0,3,1,TA,6,Typ,1,TA,Attchd,1966.0,RFn,2.0,440.0,TA,TA,Y,0,0,0,0,0,0,,MnPrv,,0,10,2007,CWD,Normal,163500
2399,528150090,20,RL,131.0,14828,Pave,,IR1,Lvl,AllPub,Corner,Gtl,NridgHt,Norm,Norm,1Fam,1Story,9,5,2004,2005,Hip,CompShg,MetalSd,MetalSd,BrkFace,674.0,Ex,TA,PConc,Ex,TA,Gd,GLQ,1383.0,Unf,0.0,397.0,1780.0,GasA,Ex,Y,SBrkr,1780,0,0,1780,1.0,0.0,2,0,2,1,Ex,7,Typ,1,Gd,Attchd,2004.0,Fin,3.0,816.0,TA,TA,Y,144,68,0,0,0,0,,,,0,8,2006,WD ,Normal,378000
1856,533251130,80,RL,,16157,Pave,,IR1,Lvl,AllPub,FR2,Gtl,Veenker,Feedr,Norm,1Fam,SLvl,5,7,1978,1978,Gable,CompShg,Plywood,Plywood,None,0.0,TA,TA,PConc,Gd,TA,Gd,ALQ,680.0,Rec,391.0,289.0,1360.0,GasA,Ex,Y,SBrkr,1432,0,0,1432,1.0,0.0,1,1,2,1,Gd,5,Typ,1,TA,Attchd,1978.0,Unf,2.0,588.0,TA,TA,Y,168,180,0,0,0,0,,,,0,6,2007,WD ,Normal,194000
1952,535382150,30,RL,60.0,5400,Pave,,Reg,Lvl,AllPub,Corner,Gtl,OldTown,Norm,Norm,1Fam,1Story,5,6,1920,1950,Gable,CompShg,Wd Sdng,Wd Sdng,None,0.0,TA,TA,BrkTil,Fa,TA,No,Unf,0.0,Unf,0.0,691.0,691.0,GasA,Ex,Y,FuseA,691,0,0,691,0.0,0.0,1,0,2,1,Ex,4,Typ,0,,Detchd,1920.0,Unf,1.0,216.0,Fa,TA,N,0,20,94,0,0,0,,,,0,1,2007,WD ,Abnorml,86000
41,528120100,20,RL,95.0,12182,Pave,,Reg,Lvl,AllPub,Corner,Gtl,NridgHt,Norm,Norm,1Fam,1Story,7,5,2005,2005,Gable,CompShg,VinylSd,VinylSd,BrkFace,226.0,Gd,TA,PConc,Gd,TA,Mn,BLQ,1201.0,Unf,0.0,340.0,1541.0,GasA,Ex,Y,SBrkr,1541,0,0,1541,0.0,0.0,2,0,3,1,Gd,7,Typ,1,Gd,Attchd,2005.0,RFn,2.0,532.0,TA,TA,Y,0,70,0,0,0,0,,,,0,5,2010,New,Partial,220000
1540,909425085,50,RL,70.0,12392,Pave,,Reg,Bnk,AllPub,Inside,Gtl,Crawfor,Norm,Norm,1Fam,1.5Fin,7,9,1950,2000,Gable,CompShg,VinylSd,VinylSd,None,0.0,TA,Gd,CBlock,TA,Gd,No,GLQ,435.0,Unf,0.0,397.0,832.0,GasA,Ex,Y,SBrkr,1218,943,0,2161,1.0,0.0,2,1,3,1,Gd,8,Typ,2,TA,Attchd,1994.0,Fin,2.0,506.0,TA,TA,Y,0,96,0,0,0,0,,,,0,4,2008,WD ,Normal,263400
34,527453130,160,RL,24.0,2280,Pave,,Reg,Lvl,AllPub,FR2,Gtl,NPkVill,Norm,Norm,Twnhs,2Story,6,6,1975,1975,Gable,CompShg,Plywood,Brk Cmn,None,0.0,TA,TA,CBlock,TA,TA,No,ALQ,514.0,Unf,0.0,341.0,855.0,GasA,TA,Y,SBrkr,855,601,0,1456,0.0,0.0,2,1,3,1,Gd,6,Typ,1,TA,Attchd,1975.0,Unf,2.0,440.0,TA,TA,Y,173,0,0,0,0,0,,,,0,6,2010,WD ,Normal,149900
2232,910200040,50,RM,85.0,8500,Pave,,Reg,Lvl,AllPub,Corner,Gtl,IDOTRR,Artery,Norm,1Fam,1.5Fin,5,7,1919,2005,Gable,CompShg,CemntBd,CmentBd,None,0.0,TA,TA,CBlock,TA,TA,No,Unf,0.0,Unf,0.0,793.0,793.0,GasW,TA,N,FuseF,997,520,0,1517,0.0,0.0,2,0,3,1,Fa,7,Typ,0,,,,,0.0,0.0,,,N,0,0,144,0,0,0,,,,0,8,2007,WD ,Normal,115000
1197,534225120,90,RL,74.0,13101,Pave,,IR1,Lvl,AllPub,Inside,Gtl,NAmes,Norm,Norm,Duplex,1Story,5,5,1965,1965,Gable,CompShg,HdBoard,HdBoard,BrkFace,108.0,TA,TA,CBlock,TA,TA,No,LwQ,231.0,Unf,0.0,1497.0,1728.0,GasA,TA,Y,SBrkr,1728,0,0,1728,0.0,0.0,2,0,6,2,TA,10,Typ,0,,Detchd,1987.0,Unf,2.0,576.0,TA,TA,Y,0,0,0,0,0,0,,,,0,11,2008,WD ,Normal,142600
1931,535301060,20,RL,60.0,11556,Pave,,Reg,Lvl,AllPub,Inside,Gtl,NAmes,Norm,Norm,1Fam,1Story,5,9,1953,2006,Gable,CompShg,VinylSd,MetalSd,None,0.0,TA,Ex,CBlock,TA,TA,No,BLQ,408.0,Unf,0.0,456.0,864.0,GasA,Gd,Y,SBrkr,1154,0,0,1154,0.0,0.0,1,1,3,1,Ex,6,Typ,0,,Detchd,1962.0,Unf,1.0,336.0,TA,TA,Y,63,0,0,0,0,0,,,,0,7,2007,WD ,Normal,142000
1351,903236010,50,RM,50.0,8635,Pave,,Reg,Lvl,AllPub,Inside,Gtl,BrkSide,Norm,Norm,1Fam,1.5Fin,5,5,1948,2001,Gable,CompShg,Wd Sdng,Wd Sdng,None,0.0,TA,TA,CBlock,TA,TA,No,BLQ,336.0,GLQ,41.0,295.0,672.0,GasA,TA,Y,SBrkr,1072,213,0,1285,1.0,0.0,1,0,2,1,TA,6,Min1,0,,Detchd,1948.0,Unf,1.0,240.0,TA,TA,Y,0,0,0,0,0,0,,MnPrv,,0,1,2008,WD ,Normal,127000
1348,903234100,50,RM,51.0,6120,Pave,,Reg,Lvl,AllPub,Inside,Gtl,OldTown,Artery,Norm,1Fam,1.5Fin,7,5,1931,1950,Gable,CompShg,BrkFace,Wd Shng,None,0.0,TA,TA,BrkTil,TA,TA,No,Unf,0.0,Unf,0.0,952.0,952.0,GasA,Gd,Y,FuseF,1022,752,0,1774,0.0,0.0,2,0,2,2,TA,8,Min1,2,TA,Detchd,1931.0,Unf,2.0,468.0,Fa,TA,Y,90,0,205,0,0,0,,,,0,4,2008,WD ,Abnorml,129900
1892,534401200,80,RL,80.0,9200,Pave,,Reg,Lvl,AllPub,Inside,Gtl,NAmes,Norm,Norm,1Fam,SLvl,6,5,1965,1965,Gable,CompShg,HdBoard,HdBoard,BrkFace,98.0,TA,TA,CBlock,TA,TA,Gd,GLQ,494.0,Unf,0.0,548.0,1042.0,GasA,TA,Y,SBrkr,1042,0,0,1042,0.0,0.0,2,0,3,1,TA,5,Typ,0,,Attchd,1965.0,RFn,2.0,440.0,TA,TA,Y,192,0,0,0,0,0,,GdPrv,,0,5,2007,WD ,Normal,161000
1143,531384030,60,RL,43.0,14565,Pave,,IR2,Lvl,AllPub,CulDSac,Gtl,SawyerW,Norm,Norm,1Fam,2Story,7,5,1994,1995,Gable,CompShg,VinylSd,VinylSd,BrkFace,145.0,Gd,TA,PConc,Gd,TA,Av,GLQ,537.0,Unf,0.0,295.0,832.0,GasA,Ex,Y,SBrkr,832,825,0,1657,0.0,0.0,2,1,3,1,Gd,6,Typ,0,,Attchd,1994.0,RFn,2.0,483.0,TA,TA,Y,144,74,0,0,0,0,,,Shed,2000,11,2008,WD ,Normal,189000
255,906425045,50,RL,82.0,14235,Pave,,IR1,Lvl,AllPub,Inside,Gtl,SawyerW,Norm,Norm,1Fam,1.5Fin,6,8,1900,1993,Gable,CompShg,Wd Sdng,Plywood,None,0.0,TA,TA,PConc,Fa,Gd,No,Unf,0.0,Unf,0.0,676.0,676.0,GasA,TA,Y,SBrkr,831,614,0,1445,0.0,0.0,2,0,3,1,TA,6,Typ,0,,Detchd,1957.0,Unf,2.0,484.0,TA,TA,N,0,59,0,0,0,0,,,,0,3,2010,WD ,Normal,138500
2783,907201160,60,RL,50.0,8340,Pave,,IR1,Lvl,AllPub,Inside,Gtl,CollgCr,Norm,Norm,1Fam,2Story,6,6,1977,1977,Gable,CompShg,HdBoard,Plywood,BrkFace,62.0,TA,TA,CBlock,Gd,TA,Av,GLQ,509.0,Unf,0.0,166.0,675.0,GasA,TA,Y,SBrkr,686,702,0,1388,0.0,0.0,1,1,3,1,TA,6,Typ,0,,Attchd,1977.0,Unf,1.0,317.0,TA,TA,Y,406,36,0,0,0,0,,,,0,12,2006,WD ,Normal,157500
2375,527452290,20,RL,65.0,7514,Pave,,Reg,Lvl,AllPub,Inside,Gtl,NAmes,Norm,Norm,1Fam,1Story,5,7,1967,1975,Hip,CompShg,MetalSd,MetalSd,None,0.0,TA,TA,CBlock,TA,TA,Mn,ALQ,373.0,Rec,108.0,462.0,943.0,GasA,TA,Y,SBrkr,1387,0,0,1387,1.0,0.0,1,0,3,1,TA,6,Typ,1,TA,Attchd,1974.0,RFn,1.0,300.0,TA,TA,Y,0,0,240,0,0,0,,,,0,9,2006,WD ,Normal,145000
928,909425060,70,RL,75.0,12000,Pave,,Reg,Bnk,AllPub,Inside,Gtl,Crawfor,Norm,Norm,1Fam,2Story,7,7,1941,1950,Gable,CompShg,MetalSd,MetalSd,None,0.0,TA,TA,CBlock,TA,TA,No,Rec,275.0,Unf,0.0,429.0,704.0,GasA,Ex,Y,SBrkr,860,704,0,1564,0.0,0.0,1,1,3,1,Fa,7,Typ,1,Gd,Attchd,1941.0,Unf,1.0,234.0,TA,TA,Y,0,0,0,0,0,0,,,,0,7,2009,WD ,Normal,174500
860,907227080,20,RL,60.0,7200,Pave,,Reg,Low,AllPub,Inside,Gtl,CollgCr,Norm,Norm,1Fam,1Story,5,5,1972,1972,Hip,CompShg,MetalSd,MetalSd,None,0.0,TA,TA,CBlock,TA,TA,Av,Rec,777.0,Unf,0.0,117.0,894.0,GasA,TA,Y,SBrkr,894,0,0,894,0.0,0.0,1,0,2,1,TA,6,Typ,0,,Detchd,1985.0,RFn,2.0,600.0,TA,TA,Y,215,0,0,0,0,0,,,,0,9,2009,WD ,Normal,123000
615,534450150,30,RL,50.0,5330,Pave,,Reg,HLS,AllPub,Inside,Gtl,BrkSide,Norm,Norm,1Fam,1Story,4,7,1940,1950,Hip,CompShg,VinylSd,VinylSd,None,0.0,Fa,TA,CBlock,TA,TA,No,LwQ,280.0,Unf,0.0,140.0,420.0,GasA,Gd,Y,SBrkr,708,0,0,708,0.0,0.0,1,0,2,1,Fa,5,Typ,0,,,,,0.0,0.0,,,Y,164,0,0,0,0,0,,,,0,12,2009,WD ,Normal,82500
1194,534202130,20,RL,72.0,8872,Pave,,Reg,Lvl,AllPub,Corner,Gtl,NAmes,Norm,Norm,1Fam,1Story,5,8,1965,2008,Gable,CompShg,VinylSd,VinylSd,BrkFace,300.0,TA,TA,CBlock,TA,TA,No,ALQ,595.0,Unf,0.0,317.0,912.0,GasA,Ex,Y,SBrkr,912,0,0,912,1.0,0.0,1,0,2,1,Gd,5,Typ,0,,Detchd,1992.0,Unf,2.0,576.0,TA,TA,Y,0,240,0,0,0,0,,,,0,12,2008,WD ,Normal,147000
369,527258020,20,RL,124.0,16158,Pave,,IR1,Low,AllPub,Inside,Mod,StoneBr,Norm,Norm,1Fam,1Story,7,5,2005,2005,Hip,CompShg,VinylSd,VinylSd,Stone,16.0,Gd,TA,PConc,Ex,TA,Av,ALQ,1274.0,Unf,0.0,256.0,1530.0,GasA,Ex,Y,SBrkr,1530,0,0,1530,1.0,0.0,2,0,3,1,Gd,7,Typ,1,Gd,Attchd,2005.0,Fin,2.0,430.0,TA,TA,Y,168,36,0,0,0,0,,,,0,6,2009,WD ,Normal,260000
1924,535177020,20,RL,70.0,9100,Pave,,Reg,Lvl,AllPub,Inside,Gtl,NAmes,Norm,Norm,1Fam,1Story,5,5,1960,1960,Hip,CompShg,HdBoard,HdBoard,BrkCmn,69.0,TA,TA,CBlock,TA,TA,No,Unf,0.0,Unf,0.0,1144.0,1144.0,GasA,TA,Y,SBrkr,1144,0,0,1144,0.0,0.0,1,0,3,1,TA,6,Typ,1,Gd,Attchd,1960.0,RFn,1.0,336.0,TA,TA,Y,0,0,0,0,0,0,,,,0,6,2007,WD ,Normal,120000
2694,903454080,50,RM,50.0,8600,Pave,,Reg,Bnk,AllPub,Inside,Gtl,IDOTRR,Norm,Norm,1Fam,1.5Fin,6,6,1937,1950,Gable,CompShg,MetalSd,MetalSd,None,0.0,TA,TA,BrkTil,TA,TA,No,Unf,0.0,Unf,0.0,780.0,780.0,GasA,TA,Y,SBrkr,780,596,0,1376,0.0,0.0,2,0,3,1,TA,7,Typ,1,Gd,Detchd,1937.0,Unf,1.0,198.0,TA,TA,N,0,0,0,0,0,0,,,,0,6,2006,WD ,Normal,119500
2629,535456020,20,RL,70.0,7945,Pave,,Reg,Lvl,AllPub,Inside,Gtl,NAmes,Norm,Norm,1Fam,1Story,5,6,1959,1959,Gable,CompShg,BrkFace,Wd Sdng,None,0.0,TA,TA,CBlock,TA,TA,No,ALQ,179.0,BLQ,506.0,465.0,1150.0,GasA,Ex,Y,FuseA,1150,0,0,1150,1.0,0.0,1,0,3,1,TA,6,Typ,0,,Attchd,1959.0,RFn,1.0,300.0,TA,TA,Y,0,0,0,0,0,0,,,,0,5,2006,WD ,Normal,141000
814,906226130,90,RL,64.0,7040,Pave,,Reg,Lvl,AllPub,Inside,Gtl,SawyerW,Feedr,Norm,Duplex,SFoyer,5,5,1979,1979,Gable,CompShg,Plywood,Plywood,BrkFace,216.0,TA,TA,CBlock,Gd,TA,Av,GLQ,1094.0,Unf,0.0,0.0,1094.0,GasA,TA,Y,SBrkr,1229,0,0,1229,2.0,0.0,0,2,2,2,Gd,6,Typ,2,TA,Detchd,1979.0,Unf,2.0,672.0,TA,TA,Y,120,0,0,0,0,0,,,,0,6,2009,WD ,Alloca,148325
1914,535106140,20,RL,70.0,10150,Pave,,Reg,Lvl,AllPub,Inside,Gtl,NAmes,Feedr,Norm,1Fam,1Story,5,5,1958,1958,Gable,CompShg,Wd Sdng,Wd Sdng,None,1.0,TA,TA,CBlock,TA,TA,No,Rec,456.0,Unf,0.0,456.0,912.0,GasA,Ex,Y,FuseA,912,0,0,912,0.0,0.0,1,0,2,1,TA,5,Typ,0,,Attchd,1958.0,RFn,1.0,275.0,TA,TA,Y,0,0,0,0,0,0,,,,0,7,2007,COD,Normal,114500
1092,528253020,120,RL,55.0,7301,Pave,,IR1,Lvl,AllPub,Inside,Gtl,NridgHt,Norm,Norm,TwnhsE,1Story,7,6,2007,2008,Gable,CompShg,VinylSd,VinylSd,Stone,176.0,Gd,TA,PConc,Gd,TA,No,GLQ,876.0,Unf,0.0,474.0,1350.0,GasA,Ex,Y,SBrkr,1358,0,0,1358,1.0,0.0,2,0,2,1,Gd,6,Typ,1,Gd,Attchd,2008.0,RFn,2.0,484.0,TA,TA,Y,192,26,0,0,0,0,,,,0,11,2008,New,Partial,217300
62,528358010,20,RL,59.0,10593,Pave,,IR1,Lvl,AllPub,Inside,Gtl,NoRidge,Norm,Norm,1Fam,1Story,7,5,1996,1996,Hip,CompShg,VinylSd,VinylSd,BrkFace,338.0,Gd,TA,PConc,Gd,TA,No,GLQ,919.0,Unf,0.0,801.0,1720.0,GasA,Ex,Y,SBrkr,1720,0,0,1720,1.0,0.0,2,0,3,1,Gd,7,Typ,1,TA,Attchd,1996.0,Fin,2.0,527.0,TA,TA,Y,240,56,154,0,0,0,,,,0,3,2010,WD ,Normal,260400
2168,908102100,20,RL,70.0,9170,Pave,,Reg,Lvl,AllPub,Corner,Gtl,Edwards,Feedr,Norm,1Fam,1Story,5,7,1965,1965,Hip,CompShg,MetalSd,MetalSd,None,0.0,TA,TA,CBlock,TA,TA,No,ALQ,698.0,GLQ,96.0,420.0,1214.0,GasA,Ex,Y,SBrkr,1214,0,0,1214,1.0,0.0,1,0,2,1,TA,6,Typ,0,,Detchd,1965.0,Unf,2.0,461.0,Fa,Fa,Y,0,0,184,0,0,0,,GdPrv,Shed,400,4,2007,WD ,Normal,140000
1880,534252070,90,RL,,10899,Pave,,IR1,Lvl,AllPub,Inside,Gtl,NAmes,Norm,Norm,Duplex,1Story,4,5,1964,1964,Gable,CompShg,HdBoard,HdBoard,None,0.0,TA,TA,Slab,,,,,0.0,,0.0,0.0,0.0,GasA,TA,N,SBrkr,1224,0,0,1224,0.0,0.0,2,0,2,2,TA,8,Typ,0,,CarPort,1964.0,Unf,3.0,530.0,TA,TA,Y,0,0,0,0,0,0,,,,0,4,2007,WD ,Normal,103000
256,906477110,80,RL,80.0,8816,Pave,,Reg,Lvl,AllPub,Inside,Gtl,ClearCr,Norm,Norm,1Fam,SLvl,6,7,1971,1971,Gable,CompShg,HdBoard,HdBoard,BrkFace,80.0,TA,TA,CBlock,TA,TA,Av,GLQ,504.0,Unf,0.0,506.0,1010.0,GasA,Gd,Y,SBrkr,1052,0,0,1052,1.0,0.0,1,0,3,1,TA,6,Typ,0,,Attchd,1971.0,Unf,2.0,440.0,TA,TA,Y,0,0,0,0,0,0,,MnPrv,,0,6,2010,WD ,Normal,155000
482,528250040,60,RL,,8174,Pave,,IR1,Lvl,AllPub,Inside,Gtl,Gilbert,Norm,Norm,1Fam,2Story,7,5,2003,2003,Gable,CompShg,VinylSd,VinylSd,None,0.0,Gd,TA,PConc,Gd,TA,No,GLQ,494.0,Unf,0.0,204.0,698.0,GasA,Ex,Y,SBrkr,698,644,0,1342,1.0,0.0,2,1,3,1,Gd,7,Typ,1,TA,Attchd,2003.0,Fin,2.0,393.0,TA,TA,Y,100,56,0,0,0,0,,,,0,5,2009,WD ,Normal,178000
1679,527451020,160,RM,24.0,2016,Pave,,Reg,Lvl,AllPub,Inside,Gtl,BrDale,Norm,Norm,TwnhsE,2Story,5,5,1970,1970,Gable,CompShg,HdBoard,HdBoard,BrkFace,304.0,TA,TA,CBlock,TA,TA,No,Unf,0.0,Unf,0.0,630.0,630.0,GasA,TA,Y,SBrkr,630,672,0,1302,0.0,0.0,2,1,3,1,TA,6,Typ,0,,Detchd,1970.0,Unf,2.0,440.0,TA,TA,Y,0,0,0,0,0,0,,,,0,4,2007,WD ,Normal,106000
1962,535451110,20,RL,60.0,7200,Pave,,Reg,Lvl,AllPub,Inside,Gtl,NAmes,Norm,Norm,1Fam,1Story,5,8,1950,2002,Gable,CompShg,VinylSd,VinylSd,None,0.0,TA,TA,CBlock,TA,TA,No,ALQ,398.0,BLQ,149.0,317.0,864.0,GasA,Gd,Y,SBrkr,864,0,0,864,1.0,0.0,1,0,3,1,Gd,5,Typ,0,,Detchd,1980.0,RFn,2.0,720.0,TA,TA,Y,194,0,0,0,0,0,,,,0,7,2007,WD ,Normal,129000
1633,527182170,160,RL,,5062,Pave,,IR1,Lvl,AllPub,CulDSac,Gtl,StoneBr,Norm,Norm,TwnhsE,2Story,7,5,1984,1984,Gable,CompShg,HdBoard,HdBoard,None,0.0,Gd,TA,CBlock,Gd,TA,Mn,GLQ,828.0,LwQ,182.0,180.0,1190.0,GasA,Gd,Y,SBrkr,1190,900,0,2090,1.0,0.0,2,0,3,1,Gd,6,Min1,1,TA,Attchd,1984.0,Fin,2.0,577.0,TA,TA,Y,219,0,0,0,0,0,,,,0,9,2007,WD ,Normal,207500
2028,903427040,50,RM,60.0,8520,Pave,Grvl,Reg,Lvl,AllPub,Inside,Gtl,OldTown,Artery,Norm,1Fam,1.5Fin,6,7,1916,1950,Gable,CompShg,Stucco,Stucco,None,0.0,TA,Gd,BrkTil,TA,TA,No,Rec,168.0,LwQ,546.0,0.0,714.0,GasW,TA,N,SBrkr,1664,862,0,2526,0.0,0.0,2,0,5,1,Gd,10,Typ,1,Gd,Detchd,1916.0,Unf,1.0,216.0,TA,TA,Y,88,15,0,0,0,0,,GdWo,,0,8,2007,CWD,Family,136000
1765,528340030,60,RL,89.0,10557,Pave,,IR1,Lvl,AllPub,Inside,Gtl,NoRidge,Norm,Norm,1Fam,2Story,9,5,1998,1998,Gable,CompShg,MetalSd,MetalSd,BrkFace,422.0,Gd,TA,PConc,Ex,TA,Gd,GLQ,672.0,Unf,0.0,736.0,1408.0,GasA,Ex,Y,SBrkr,1671,1407,0,3078,1.0,0.0,2,1,4,1,Gd,9,Typ,1,TA,Attchd,1998.0,Fin,3.0,806.0,TA,TA,Y,108,87,0,0,0,0,,,,0,7,2007,WD ,Normal,410000
2164,907414070,20,RL,65.0,8769,Pave,,Reg,Lvl,AllPub,FR2,Gtl,CollgCr,Norm,Norm,1Fam,1Story,7,5,2005,2005,Gable,CompShg,VinylSd,VinylSd,None,0.0,Gd,TA,PConc,Gd,TA,Av,GLQ,709.0,Unf,0.0,460.0,1169.0,GasA,Ex,Y,SBrkr,1190,0,0,1190,1.0,0.0,2,0,2,1,Gd,5,Typ,0,,Attchd,2005.0,RFn,2.0,578.0,TA,TA,Y,100,41,0,0,0,0,,,,0,10,2007,WD ,Normal,173500
2520,533253050,120,RL,36.0,3640,Pave,,IR1,Lvl,AllPub,CulDSac,Gtl,Greens,Norm,Norm,Twnhs,1Story,8,5,1980,1980,Gable,CompShg,Wd Sdng,Wd Sdng,None,0.0,Gd,TA,CBlock,Gd,TA,Gd,GLQ,860.0,Unf,0.0,176.0,1036.0,GasA,TA,Y,SBrkr,1036,0,0,1036,1.0,0.0,1,0,1,1,Gd,4,Typ,1,TA,Detchd,1980.0,Fin,2.0,484.0,TA,TA,Y,133,108,0,0,0,0,,,,0,9,2006,WD ,Normal,188000
2231,909475230,20,RL,70.0,18044,Pave,,IR1,HLS,AllPub,CulDSac,Gtl,Crawfor,Norm,Norm,1Fam,1Story,8,5,1986,1986,Gable,CompShg,WdShing,Plywood,None,0.0,Gd,TA,CBlock,Gd,TA,No,Unf,0.0,Unf,0.0,279.0,279.0,GasA,Gd,Y,SBrkr,2726,0,0,2726,0.0,0.0,2,1,2,1,Gd,6,Typ,1,Gd,Attchd,1986.0,Fin,2.0,691.0,Gd,Gd,Y,216,64,169,0,0,228,Ex,,,0,8,2007,WD ,Normal,315000
2657,902207110,30,RM,48.0,5747,Pave,,Reg,Lvl,AllPub,Inside,Gtl,OldTown,Norm,Norm,1Fam,1Story,3,4,1920,1950,Gable,CompShg,Wd Sdng,Wd Sdng,None,0.0,TA,TA,PConc,TA,TA,No,Unf,0.0,Unf,0.0,798.0,798.0,GasA,Gd,Y,SBrkr,840,0,0,840,0.0,0.0,1,0,2,1,Fa,5,Typ,0,,Detchd,1938.0,Unf,1.0,250.0,TA,Fa,N,112,0,0,0,0,0,,,,0,6,2006,WD ,Normal,64000
539,531371050,20,RL,67.0,10083,Pave,,Reg,Lvl,AllPub,Inside,Gtl,SawyerW,Norm,Norm,1Fam,1Story,7,5,2003,2003,Gable,CompShg,VinylSd,VinylSd,,,Gd,TA,PConc,Gd,TA,No,GLQ,833.0,Unf,0.0,343.0,1176.0,GasA,Ex,Y,SBrkr,1200,0,0,1200,1.0,0.0,2,0,2,1,Gd,5,Typ,0,,Attchd,2003.0,RFn,2.0,555.0,TA,TA,Y,0,41,0,0,0,0,,,,0,8,2009,WD ,Normal,184900
2225,909428340,20,RL,,21579,Pave,,IR1,Lvl,AllPub,CulDSac,Gtl,Crawfor,Norm,Norm,1Fam,1Story,6,6,1968,1968,Hip,CompShg,HdBoard,BrkFace,None,0.0,TA,TA,PConc,Gd,TA,No,BLQ,813.0,Unf,0.0,675.0,1488.0,GasA,Ex,Y,SBrkr,1488,0,0,1488,0.0,1.0,2,0,3,1,TA,7,Typ,2,Gd,Attchd,1968.0,RFn,2.0,552.0,TA,TA,Y,0,0,216,0,0,0,,,,0,9,2007,CWD,Normal,215000
464,528188060,160,RL,36.0,2268,Pave,,Reg,Lvl,AllPub,Inside,Gtl,NridgHt,Norm,Norm,Twnhs,2Story,7,5,2003,2004,Gable,CompShg,VinylSd,Wd Shng,Stone,106.0,Gd,TA,PConc,Gd,TA,No,GLQ,567.0,Unf,0.0,197.0,764.0,GasA,Ex,Y,SBrkr,764,862,0,1626,0.0,0.0,2,0,2,1,Gd,6,Typ,0,,BuiltIn,2003.0,RFn,2.0,474.0,TA,TA,Y,0,27,0,0,0,0,,,,0,7,2009,WD ,Normal,173000
269,907290170,120,RM,,4435,Pave,,Reg,Lvl,AllPub,Inside,Gtl,CollgCr,Norm,Norm,TwnhsE,1Story,6,5,2003,2003,Gable,CompShg,VinylSd,VinylSd,BrkFace,170.0,Gd,TA,PConc,Gd,TA,Av,GLQ,672.0,Unf,0.0,176.0,848.0,GasA,Ex,Y,SBrkr,848,0,0,848,1.0,0.0,1,0,1,1,Gd,4,Typ,0,,Attchd,2003.0,Fin,2.0,420.0,TA,TA,Y,140,0,0,0,0,0,,,,0,4,2010,WD ,Normal,143750
1309,902300215,50,RM,100.0,12665,Pave,Grvl,IR1,Lvl,AllPub,Inside,Gtl,OldTown,Artery,Norm,1Fam,1.5Fin,5,8,1915,1950,Gable,CompShg,Wd Sdng,Wd Sdng,None,0.0,TA,TA,BrkTil,TA,TA,Mn,Unf,0.0,Unf,0.0,876.0,876.0,GasA,Gd,Y,SBrkr,876,540,0,1416,0.0,0.0,1,1,4,1,TA,7,Typ,1,Gd,Detchd,1949.0,Unf,3.0,720.0,TA,TA,Y,418,0,194,0,0,0,,,,0,6,2008,WD ,Normal,153900
2632,535478010,85,RL,69.0,10205,Pave,,IR1,Lvl,AllPub,Inside,Gtl,NAmes,Norm,Norm,1Fam,SFoyer,5,5,1962,1962,Gable,CompShg,MetalSd,MetalSd,None,0.0,TA,TA,CBlock,TA,TA,Av,BLQ,784.0,Unf,0.0,141.0,925.0,GasA,TA,Y,SBrkr,999,0,0,999,1.0,0.0,1,0,3,1,TA,6,Typ,0,,Attchd,1962.0,Unf,1.0,300.0,TA,TA,Y,150,72,0,0,0,0,,,,0,5,2006,WD ,Normal,134500
603,534277090,20,RL,,9450,Pave,,IR1,Lvl,AllPub,Corner,Gtl,NAmes,Norm,Norm,1Fam,1Story,4,5,1957,1957,Gable,CompShg,Wd Sdng,Wd Sdng,BrkFace,160.0,TA,TA,CBlock,TA,TA,No,BLQ,775.0,Unf,0.0,265.0,1040.0,GasA,TA,Y,SBrkr,1362,0,0,1362,1.0,0.0,1,0,3,1,TA,6,Typ,1,Gd,Attchd,1982.0,RFn,3.0,768.0,TA,TA,Y,0,0,84,0,0,0,,MnPrv,,0,5,2009,WD ,Normal,140000
1471,907295020,20,RL,75.0,13125,Pave,,Reg,Lvl,AllPub,Inside,Mod,CollgCr,Norm,Norm,1Fam,1Story,6,5,1997,1998,Gable,CompShg,VinylSd,VinylSd,BrkFace,215.0,TA,TA,PConc,Gd,TA,Gd,GLQ,994.0,Unf,0.0,484.0,1478.0,GasA,Ex,Y,SBrkr,1493,0,0,1493,1.0,0.0,2,0,3,1,Gd,7,Typ,1,TA,Attchd,1997.0,Fin,2.0,508.0,TA,TA,Y,140,39,0,0,0,0,,,,0,4,2008,WD ,Normal,208900
1997,902305010,70,RM,60.0,3600,Pave,Grvl,Reg,Lvl,AllPub,Inside,Gtl,OldTown,Norm,Norm,1Fam,2Story,5,7,1930,2005,Gambrel,CompShg,VinylSd,VinylSd,None,0.0,TA,Gd,BrkTil,TA,Fa,No,Rec,316.0,Unf,0.0,371.0,687.0,GasA,Gd,Y,SBrkr,687,671,0,1358,0.0,0.0,1,1,3,1,Gd,6,Typ,1,Gd,Detchd,2004.0,Unf,1.0,336.0,TA,TA,Y,0,32,0,0,0,0,,MnPrv,,0,7,2007,WD ,Partial,124500
2439,528280100,60,RL,,11214,Pave,,IR1,Lvl,AllPub,Corner,Gtl,Gilbert,Norm,Norm,1Fam,2Story,7,5,1998,1999,Gable,CompShg,VinylSd,VinylSd,None,0.0,Gd,TA,PConc,Gd,TA,No,Unf,0.0,Unf,0.0,930.0,930.0,GasA,Gd,Y,SBrkr,956,930,0,1886,0.0,0.0,2,1,4,1,Gd,10,Typ,1,TA,Attchd,1998.0,Fin,2.0,431.0,TA,TA,Y,89,0,0,0,0,0,,,,0,7,2006,WD ,Normal,199900
951,914475010,85,RL,75.0,9750,Pave,,Reg,Lvl,AllPub,Inside,Gtl,Mitchel,Norm,Norm,1Fam,SFoyer,6,6,1977,1977,Gable,CompShg,Plywood,Plywood,None,0.0,TA,TA,CBlock,TA,TA,Av,ALQ,767.0,Unf,0.0,135.0,902.0,GasA,Ex,Y,SBrkr,926,0,0,926,1.0,0.0,1,0,2,1,TA,5,Typ,1,TA,Attchd,1977.0,Unf,1.0,351.0,TA,TA,Y,319,0,0,0,0,0,,MnPrv,,0,4,2009,WD ,Normal,156450
1926,535179120,20,RL,72.0,9770,Pave,,Reg,Lvl,AllPub,Inside,Gtl,NAmes,Norm,Norm,1Fam,1Story,5,5,1957,1957,Gable,CompShg,Wd Sdng,Wd Sdng,None,0.0,TA,TA,CBlock,TA,TA,No,Rec,512.0,Unf,0.0,410.0,922.0,GasA,TA,Y,FuseA,922,0,0,922,1.0,0.0,1,0,2,1,TA,5,Typ,0,,Attchd,1957.0,Unf,1.0,308.0,TA,TA,Y,0,34,0,0,0,0,,GdWo,,0,4,2007,WD ,Normal,116000
2418,528222010,60,RL,96.0,11631,Pave,,IR1,Lvl,AllPub,Corner,Gtl,Gilbert,Norm,Norm,1Fam,2Story,8,5,2004,2005,Gable,CompShg,VinylSd,VinylSd,BrkFace,236.0,Gd,TA,PConc,Gd,TA,Av,Unf,0.0,Unf,0.0,1052.0,1052.0,GasA,Ex,Y,SBrkr,1052,1321,0,2373,0.0,0.0,2,1,4,1,Gd,9,Typ,1,Gd,BuiltIn,2004.0,Fin,3.0,632.0,TA,TA,Y,120,46,0,0,0,0,,,,0,6,2006,New,Partial,258000
342,526302110,20,RL,74.0,13008,Pave,,IR1,Lvl,AllPub,Inside,Gtl,NAmes,Norm,Norm,1Fam,1Story,6,5,1956,1956,Gable,CompShg,MetalSd,MetalSd,None,0.0,TA,TA,CBlock,Fa,Fa,No,Rec,564.0,Unf,0.0,318.0,882.0,GasA,TA,Y,SBrkr,882,0,0,882,0.0,0.0,1,0,2,1,TA,5,Typ,0,,Attchd,1956.0,Unf,1.0,502.0,TA,TA,Y,0,0,0,0,0,0,,,,0,10,2009,WD ,Normal,124500
1392,905201120,20,RL,,13284,Pave,,Reg,Lvl,AllPub,Inside,Gtl,Sawyer,PosN,Norm,1Fam,1Story,5,5,1954,1954,Gable,CompShg,Wd Sdng,Plywood,None,0.0,TA,TA,PConc,Gd,TA,Mn,BLQ,1064.0,Unf,0.0,319.0,1383.0,GasA,TA,Y,SBrkr,1383,0,0,1383,1.0,0.0,1,0,3,1,TA,6,Typ,1,Gd,Attchd,1954.0,Unf,1.0,354.0,TA,TA,Y,511,116,0,0,0,0,,GdPrv,,0,6,2008,WD ,Normal,165000
1663,527402090,80,RL,70.0,10500,Pave,,Reg,Lvl,AllPub,FR2,Gtl,NAmes,Norm,Norm,1Fam,SLvl,5,7,1971,2005,Gambrel,CompShg,MetalSd,AsphShn,BrkFace,82.0,TA,TA,CBlock,TA,TA,Av,ALQ,349.0,Unf,0.0,23.0,372.0,GasA,TA,Y,SBrkr,576,533,0,1109,0.0,1.0,1,0,3,1,TA,5,Typ,0,,BuiltIn,1971.0,Unf,1.0,288.0,TA,TA,Y,35,0,0,0,0,0,,GdWo,,0,12,2007,WD ,Normal,139000
1310,902300260,75,RM,53.0,5350,Pave,,Reg,Lvl,AllPub,Corner,Gtl,OldTown,Artery,Norm,1Fam,2Story,7,8,1920,1965,Gable,CompShg,Wd Sdng,Wd Shng,None,0.0,TA,TA,BrkTil,TA,TA,No,BLQ,116.0,Unf,0.0,508.0,624.0,GasA,Ex,Y,SBrkr,730,720,0,1450,0.0,0.0,1,0,3,1,TA,7,Typ,0,,Detchd,1935.0,Unf,1.0,288.0,TA,TA,Y,0,192,0,0,0,0,,MnPrv,,0,3,2008,WD ,Normal,132000
1939,535327160,20,RL,70.0,8400,Pave,,Reg,Lvl,AllPub,Corner,Gtl,NAmes,Norm,Norm,1Fam,1Story,5,5,1955,1955,Gable,CompShg,MetalSd,MetalSd,None,0.0,TA,Gd,CBlock,TA,TA,No,BLQ,793.0,Unf,0.0,130.0,923.0,GasA,TA,Y,SBrkr,925,0,0,925,1.0,0.0,1,0,3,1,TA,5,Typ,2,TA,Attchd,1955.0,Unf,1.0,390.0,TA,TA,Y,81,0,0,0,0,0,,GdWo,,0,3,2007,WD ,Normal,116900
2027,903426010,70,RM,,5700,Pave,,IR1,Lvl,AllPub,Corner,Gtl,OldTown,Feedr,Norm,1Fam,2Story,7,6,1929,1990,Gable,CompShg,Wd Sdng,Wd Shng,None,0.0,TA,TA,BrkTil,TA,TA,No,Rec,336.0,Unf,0.0,336.0,672.0,GasA,Gd,N,FuseA,672,672,0,1344,1.0,0.0,1,1,3,1,Gd,6,Typ,1,Gd,Attchd,1979.0,Unf,2.0,456.0,TA,TA,Y,0,0,70,0,0,0,,GdPrv,,0,9,2007,WD ,Normal,140000
477,528235200,80,RL,59.0,9434,Pave,,IR1,Lvl,AllPub,Inside,Gtl,Gilbert,Norm,Norm,1Fam,SLvl,7,5,2004,2005,Gable,CompShg,WdShing,Wd Shng,None,0.0,Gd,TA,PConc,Gd,TA,Mn,Unf,0.0,Unf,0.0,384.0,384.0,GasA,Ex,Y,SBrkr,744,630,0,1374,0.0,0.0,2,1,3,1,Gd,6,Typ,1,Gd,BuiltIn,2004.0,Fin,2.0,400.0,TA,TA,Y,100,0,0,0,0,0,,,,0,8,2009,WD ,Normal,170000
935,909451140,160,RM,24.0,1612,Pave,,Reg,Lvl,AllPub,Inside,Gtl,Blueste,Norm,Norm,Twnhs,2Story,6,6,1980,1980,Gable,CompShg,MetalSd,MetalSd,None,0.0,TA,TA,CBlock,Gd,TA,No,Unf,0.0,Unf,0.0,561.0,561.0,GasA,TA,Y,SBrkr,561,668,0,1229,0.0,0.0,1,1,2,1,TA,5,Typ,1,TA,Attchd,1980.0,Fin,2.0,462.0,TA,TA,Y,154,0,0,0,0,0,,MnPrv,,0,7,2009,WD ,Normal,121000
2067,905226050,30,RL,,25339,Pave,,Reg,Lvl,AllPub,Inside,Gtl,Sawyer,Norm,Norm,1Fam,1Story,5,7,1918,2007,Gable,CompShg,Wd Sdng,Wd Sdng,None,0.0,TA,Gd,BrkTil,TA,TA,No,Unf,0.0,Unf,0.0,816.0,816.0,GasA,Ex,Y,SBrkr,1416,0,0,1416,0.0,0.0,2,0,3,1,Gd,7,Typ,0,,Attchd,2007.0,Unf,2.0,576.0,TA,TA,N,0,0,112,0,0,0,,,,0,8,2007,WD ,Normal,112000
1012,527212050,60,RL,77.0,11198,Pave,,IR1,Lvl,AllPub,Inside,Gtl,StoneBr,Norm,Norm,1Fam,2Story,9,5,2005,2007,Hip,CompShg,VinylSd,VinylSd,BrkFace,245.0,Gd,TA,PConc,Gd,Gd,No,Unf,0.0,Unf,0.0,1122.0,1122.0,GasA,Ex,Y,SBrkr,1134,1370,0,2504,0.0,0.0,2,1,4,1,Ex,11,Typ,1,Gd,BuiltIn,2005.0,Fin,3.0,656.0,TA,TA,Y,144,39,0,0,0,0,,,,0,6,2008,WD ,Normal,325000
1473,907405020,20,RL,70.0,9135,Pave,,Reg,Lvl,AllPub,Inside,Gtl,CollgCr,Norm,Norm,1Fam,1Story,7,5,2002,2003,Gable,CompShg,VinylSd,VinylSd,BrkFace,113.0,Gd,TA,PConc,Gd,TA,Av,GLQ,810.0,Unf,0.0,726.0,1536.0,GasA,Ex,Y,SBrkr,1536,0,0,1536,1.0,0.0,2,0,3,1,Gd,7,Typ,0,,Attchd,2002.0,RFn,2.0,532.0,TA,TA,Y,192,74,0,0,0,0,,,,0,12,2008,WD ,Normal,214000
2134,907192150,60,RL,72.0,11317,Pave,,Reg,Lvl,AllPub,Inside,Gtl,CollgCr,Norm,Norm,1Fam,2Story,7,5,2003,2003,Gable,CompShg,VinylSd,VinylSd,BrkFace,101.0,Gd,TA,PConc,Gd,TA,No,Unf,0.0,Unf,0.0,840.0,840.0,GasA,Ex,Y,SBrkr,840,828,0,1668,0.0,0.0,2,1,3,1,Gd,8,Typ,0,,Attchd,2003.0,RFn,2.0,500.0,TA,TA,Y,144,68,0,0,0,0,,,,0,9,2007,WD ,Normal,180000
1353,903401020,50,RL,60.0,9120,Pave,Pave,Reg,Lvl,AllPub,Inside,Gtl,BrkSide,Norm,Norm,1Fam,1.5Fin,7,6,1925,1950,Gable,CompShg,Wd Sdng,Wd Sdng,None,0.0,TA,Gd,PConc,TA,TA,No,Rec,329.0,Unf,0.0,697.0,1026.0,GasA,Ex,Y,SBrkr,1133,687,0,1820,1.0,0.0,2,0,4,1,TA,8,Typ,0,,Detchd,1925.0,Unf,1.0,240.0,TA,TA,N,0,100,0,0,0,0,,GdPrv,,0,6,2008,WD ,Normal,184000
630,535150070,50,RL,,12513,Pave,,IR1,Lvl,AllPub,FR2,Gtl,NAmes,Feedr,Norm,1Fam,1.5Fin,4,4,1920,2007,Gable,CompShg,VinylSd,VinylSd,None,0.0,TA,Gd,BrkTil,TA,Fa,No,Unf,0.0,Unf,0.0,715.0,715.0,GasA,Gd,Y,SBrkr,1281,457,0,1738,0.0,0.0,2,0,4,1,TA,7,Typ,1,Gd,Attchd,1920.0,Unf,1.0,368.0,TA,TA,Y,55,0,0,0,0,0,,,,0,6,2009,WD ,Normal,104900
1989,902207150,30,RM,60.0,8520,Pave,,Reg,Lvl,AllPub,Inside,Gtl,OldTown,Norm,Norm,1Fam,1Story,5,6,1923,2006,Gable,CompShg,Wd Sdng,Wd Sdng,None,0.0,Gd,TA,CBlock,TA,TA,No,Unf,0.0,Unf,0.0,968.0,968.0,GasA,TA,Y,SBrkr,968,0,0,968,0.0,0.0,1,0,2,1,TA,5,Typ,0,,Detchd,1935.0,Unf,2.0,480.0,Fa,TA,N,0,0,184,0,0,0,,,,0,7,2007,WD ,Normal,100000
1264,535426260,20,RL,,10920,Pave,,IR1,Lvl,AllPub,Corner,Gtl,NAmes,Norm,Norm,1Fam,1Story,6,5,1960,1960,Hip,CompShg,MetalSd,MetalSd,BrkFace,212.0,TA,TA,CBlock,TA,TA,No,BLQ,733.0,Unf,0.0,520.0,1253.0,GasA,TA,Y,SBrkr,1253,0,0,1253,1.0,0.0,1,1,2,1,TA,5,Typ,1,Fa,Attchd,1960.0,RFn,1.0,352.0,TA,TA,Y,0,213,176,0,0,0,,GdWo,,0,5,2008,WD ,Normal,157000
1610,924100020,60,RL,,11075,Pave,,IR1,Lvl,AllPub,Inside,Mod,Mitchel,Norm,Norm,1Fam,2Story,5,4,1969,1969,Gable,CompShg,HdBoard,HdBoard,BrkFace,232.0,TA,TA,CBlock,TA,TA,Av,ALQ,562.0,LwQ,193.0,29.0,784.0,GasA,Ex,Y,SBrkr,1168,800,0,1968,0.0,1.0,2,1,4,1,TA,7,Min2,1,Po,Attchd,1969.0,RFn,2.0,530.0,TA,TA,Y,305,189,0,0,0,0,,MnPrv,Shed,400,9,2008,WD ,Normal,172000
2050,905100080,85,RL,75.0,11235,Pave,,Reg,Lvl,AllPub,Inside,Gtl,Sawyer,Norm,Norm,1Fam,SFoyer,5,5,1964,1980,Gable,CompShg,HdBoard,HdBoard,BrkFace,30.0,TA,TA,CBlock,Gd,TA,Av,BLQ,785.0,Unf,0.0,635.0,1420.0,GasA,Gd,Y,SBrkr,1452,0,0,1452,1.0,0.0,1,0,2,1,TA,6,Min2,1,TA,Detchd,1964.0,Unf,2.0,572.0,TA,TA,Y,92,0,88,0,0,0,,,,0,11,2007,WD ,Normal,158450
97,533212010,160,FV,30.0,3182,Pave,Pave,Reg,Lvl,AllPub,Inside,Gtl,Somerst,Norm,Norm,TwnhsE,2Story,7,5,2004,2005,Gable,CompShg,MetalSd,MetalSd,None,0.0,Gd,TA,PConc,Gd,TA,No,Unf,0.0,Unf,0.0,600.0,600.0,GasA,Ex,Y,SBrkr,600,600,0,1200,0.0,0.0,2,1,2,1,Gd,4,Typ,0,,Detchd,2004.0,RFn,2.0,480.0,TA,TA,Y,0,172,0,0,0,0,,,,0,6,2010,WD ,Normal,151000
1047,527452150,120,RL,53.0,4043,Pave,,Reg,Lvl,AllPub,Inside,Gtl,NPkVill,Norm,Norm,TwnhsE,1Story,6,6,1977,1977,Gable,CompShg,Plywood,Plywood,None,0.0,TA,TA,CBlock,Gd,TA,No,ALQ,559.0,Unf,0.0,510.0,1069.0,GasA,TA,Y,SBrkr,1069,0,0,1069,0.0,0.0,2,0,2,1,TA,4,Typ,0,,Attchd,1977.0,RFn,2.0,440.0,TA,TA,Y,0,55,0,0,200,0,,,,0,10,2008,COD,Abnorml,140000
589,534129380,20,RL,75.0,9000,Pave,,Reg,Lvl,AllPub,Inside,Gtl,NWAmes,Feedr,Norm,1Fam,1Story,6,5,1969,1969,Gable,CompShg,HdBoard,HdBoard,BrkFace,200.0,TA,TA,CBlock,TA,TA,Av,BLQ,955.0,Unf,0.0,261.0,1216.0,GasA,TA,Y,SBrkr,1216,0,0,1216,1.0,0.0,1,0,3,1,TA,5,Typ,0,,Attchd,1969.0,Unf,1.0,336.0,TA,TA,Y,0,0,0,0,0,0,,MnPrv,,0,8,2009,WD ,Abnorml,113000
1416,905479110,190,RL,68.0,10880,Pave,,Reg,Lvl,AllPub,Inside,Gtl,Edwards,Norm,Norm,2fmCon,1Story,5,5,1950,1950,Gable,CompShg,MetalSd,MetalSd,None,0.0,TA,TA,CBlock,TA,TA,No,ALQ,1040.0,Unf,0.0,124.0,1164.0,GasW,TA,N,SBrkr,1164,0,0,1164,1.0,0.0,1,0,3,1,TA,5,Typ,0,,Detchd,1950.0,Unf,1.0,240.0,TA,TA,Y,0,48,0,0,0,0,,,,0,8,2008,ConLD,Normal,125000
20,527302110,20,RL,85.0,13175,Pave,,Reg,Lvl,AllPub,Inside,Gtl,NWAmes,Norm,Norm,1Fam,1Story,6,6,1978,1988,Gable,CompShg,Plywood,Plywood,Stone,119.0,TA,TA,CBlock,Gd,TA,No,ALQ,790.0,Rec,163.0,589.0,1542.0,GasA,TA,Y,SBrkr,2073,0,0,2073,1.0,0.0,2,0,3,1,TA,7,Min1,2,TA,Attchd,1978.0,Unf,2.0,500.0,TA,TA,Y,349,0,0,0,0,0,,MnPrv,,0,2,2010,WD ,Normal,210000
440,528120160,20,RL,76.0,9591,Pave,,Reg,Lvl,AllPub,Inside,Gtl,NridgHt,Norm,Norm,1Fam,1Story,8,5,2004,2005,Hip,CompShg,VinylSd,VinylSd,BrkFace,262.0,Gd,TA,PConc,Ex,TA,Av,GLQ,1088.0,Unf,0.0,625.0,1713.0,GasA,Ex,Y,SBrkr,1713,0,0,1713,1.0,0.0,2,0,3,1,Ex,7,Typ,1,Gd,Attchd,2004.0,Fin,3.0,856.0,TA,TA,Y,0,26,0,0,170,0,,,,0,1,2009,WD ,Normal,274900
989,924100060,60,RL,70.0,10457,Pave,,IR1,Lvl,AllPub,Inside,Mod,Mitchel,Norm,Norm,1Fam,2Story,5,7,1969,1969,Gable,CompShg,VinylSd,VinylSd,BrkFace,178.0,Gd,Ex,CBlock,TA,TA,Gd,BLQ,496.0,LwQ,288.0,0.0,784.0,GasA,Ex,Y,SBrkr,784,848,0,1632,0.0,0.0,1,1,4,1,TA,7,Typ,1,TA,Attchd,1969.0,RFn,2.0,898.0,TA,TA,Y,0,173,368,0,0,0,,MnPrv,,0,4,2009,WD ,Normal,173000
2238,910202030,30,RM,46.0,3672,Pave,,Reg,Lvl,AllPub,Inside,Gtl,IDOTRR,Artery,Norm,1Fam,1Story,5,7,1922,1950,Gable,CompShg,Stucco,Stucco,None,0.0,TA,TA,BrkTil,TA,TA,No,Unf,0.0,Unf,0.0,816.0,816.0,GasA,Ex,Y,SBrkr,816,0,0,816,0.0,0.0,1,0,2,1,TA,5,Typ,0,,Detchd,1922.0,Unf,1.0,100.0,Fa,Fa,N,0,0,96,0,0,0,,,,0,9,2007,WD ,Normal,75200
396,527404020,20,RL,,7830,Pave,,IR1,Lvl,AllPub,Inside,Gtl,NAmes,Norm,Norm,1Fam,1Story,5,5,1970,1970,Gable,CompShg,HdBoard,HdBoard,None,0.0,TA,TA,CBlock,TA,TA,No,Unf,0.0,Unf,0.0,1180.0,1180.0,GasA,TA,Y,SBrkr,1180,0,0,1180,0.0,0.0,1,1,2,1,TA,6,Typ,0,,Attchd,1970.0,RFn,2.0,477.0,TA,TA,Y,0,45,0,0,0,0,,,,0,3,2009,COD,Normal,128000
1834,533130170,50,RL,85.0,10678,Pave,,Reg,Lvl,AllPub,Inside,Gtl,NoRidge,Norm,Norm,1Fam,1.5Fin,8,5,1992,2000,Hip,CompShg,HdBoard,HdBoard,BrkFace,337.0,Gd,TA,PConc,Gd,TA,No,GLQ,700.0,Unf,0.0,983.0,1683.0,GasA,Ex,Y,SBrkr,2129,743,0,2872,0.0,0.0,2,1,4,1,Gd,9,Typ,1,TA,Attchd,1992.0,Fin,2.0,541.0,TA,TA,Y,0,33,0,0,0,0,,,,0,4,2007,WD ,Normal,285000
1634,527184020,120,RL,38.0,4740,Pave,,IR1,Lvl,AllPub,Inside,Gtl,StoneBr,Norm,Norm,TwnhsE,1Story,8,5,1988,1988,Gable,CompShg,CemntBd,CmentBd,None,0.0,Gd,TA,CBlock,Gd,TA,Gd,GLQ,248.0,Unf,0.0,918.0,1166.0,GasA,Gd,Y,SBrkr,1179,0,0,1179,1.0,0.0,2,0,2,1,TA,5,Typ,0,,Attchd,1988.0,RFn,2.0,480.0,TA,TA,Y,0,108,0,0,135,0,,,,0,10,2007,WD ,Normal,182000
2928,923400125,85,RL,62.0,10441,Pave,,Reg,Lvl,AllPub,Inside,Gtl,Mitchel,Norm,Norm,1Fam,SFoyer,5,5,1992,1992,Gable,CompShg,HdBoard,Wd Shng,None,0.0,TA,TA,PConc,Gd,TA,Av,GLQ,337.0,Unf,0.0,575.0,912.0,GasA,TA,Y,SBrkr,970,0,0,970,0.0,1.0,1,0,3,1,TA,6,Typ,0,,,,,0.0,0.0,,,Y,80,32,0,0,0,0,,MnPrv,Shed,700,7,2006,WD ,Normal,132000
879,907290210,120,RM,,4435,Pave,,Reg,Lvl,AllPub,Inside,Gtl,CollgCr,Norm,Norm,TwnhsE,1Story,6,5,2003,2003,Gable,CompShg,VinylSd,VinylSd,BrkFace,170.0,Gd,TA,PConc,Gd,TA,Av,GLQ,685.0,Unf,0.0,163.0,848.0,GasA,Ex,Y,SBrkr,848,0,0,848,1.0,0.0,1,0,1,1,Gd,4,Typ,0,,Attchd,2003.0,Fin,2.0,420.0,TA,TA,Y,140,0,0,0,0,0,,,,0,5,2009,WD ,Normal,140000
756,903458170,30,RM,52.0,6240,Pave,Grvl,Reg,Lvl,AllPub,Inside,Gtl,IDOTRR,Norm,Norm,1Fam,1.5Fin,4,5,1925,1950,Gable,CompShg,MetalSd,MetalSd,None,0.0,TA,TA,CBlock,TA,TA,No,BLQ,152.0,Unf,0.0,628.0,780.0,GasA,TA,Y,FuseA,848,0,360,1208,0.0,0.0,1,0,2,1,TA,5,Typ,0,,Detchd,1962.0,Unf,2.0,539.0,TA,TA,Y,0,23,112,0,0,0,,,,0,1,2009,WD ,Normal,103000
634,535154130,20,RL,66.0,9240,Pave,,IR1,Lvl,AllPub,Inside,Gtl,NAmes,Norm,Norm,1Fam,1Story,6,8,1959,1998,Hip,CompShg,MetalSd,MetalSd,None,0.0,Gd,TA,CBlock,TA,TA,No,ALQ,708.0,Unf,0.0,280.0,988.0,GasA,TA,Y,SBrkr,988,0,0,988,1.0,0.0,2,0,3,1,Gd,6,Typ,0,,Attchd,1959.0,Unf,1.0,297.0,TA,TA,Y,156,0,0,0,0,0,,,,0,6,2009,WD ,Normal,149500
1342,903230120,20,RM,99.0,5940,Pave,,IR1,Lvl,AllPub,FR3,Gtl,BrkSide,Feedr,Norm,1Fam,1Story,4,7,1946,1950,Gable,CompShg,MetalSd,CBlock,None,0.0,TA,TA,PConc,,,,,,,,,,GasA,TA,Y,FuseA,896,0,0,896,,,1,0,2,1,TA,4,Typ,0,,Detchd,1946.0,Unf,1.0,280.0,TA,TA,Y,0,0,0,0,0,0,,MnPrv,,0,4,2008,ConLD,Abnorml,79000
1304,902205090,20,RM,50.0,6000,Pave,,Reg,Lvl,AllPub,Inside,Gtl,OldTown,Norm,Norm,1Fam,1Story,5,6,1957,1957,Hip,CompShg,BrkFace,BrkFace,None,0.0,TA,TA,CBlock,TA,TA,No,Rec,308.0,Unf,0.0,620.0,928.0,GasA,Gd,Y,FuseA,928,0,0,928,0.0,0.0,1,0,3,1,TA,5,Typ,0,,Attchd,1957.0,Fin,1.0,288.0,TA,TA,Y,0,0,0,0,0,0,,,,0,6,2008,WD ,Normal,112500
2661,902325100,75,RM,70.0,6300,Pave,,Reg,Lvl,AllPub,Corner,Gtl,OldTown,Norm,Norm,1Fam,2.5Unf,7,6,1910,2005,Gable,CompShg,Wd Sdng,Wd Sdng,None,0.0,TA,TA,BrkTil,TA,TA,No,Unf,0.0,Unf,0.0,1226.0,1226.0,GasA,Ex,Y,SBrkr,1226,878,0,2104,0.0,0.0,2,0,5,1,TA,9,Typ,0,,Detchd,1910.0,Unf,2.0,432.0,Fa,TA,P,0,341,88,0,0,0,,,,0,7,2006,WD ,Normal,155000
2381,528106010,60,RL,111.0,16259,Pave,,Reg,Lvl,AllPub,Corner,Gtl,NridgHt,Norm,Norm,1Fam,2Story,9,5,2006,2006,Gable,CompShg,VinylSd,VinylSd,Stone,370.0,TA,TA,PConc,Ex,Gd,Av,Unf,0.0,Unf,0.0,1249.0,1249.0,GasA,Ex,Y,SBrkr,1249,1347,0,2596,0.0,0.0,3,1,4,1,Gd,9,Typ,0,,Attchd,2006.0,RFn,3.0,840.0,TA,TA,Y,240,154,0,0,0,0,,,,0,9,2006,New,Partial,342643
1136,531375110,20,RL,66.0,13695,Pave,,Reg,Lvl,AllPub,Inside,Gtl,SawyerW,RRAe,Norm,1Fam,1Story,5,5,2004,2004,Gable,CompShg,VinylSd,VinylSd,None,0.0,TA,TA,PConc,TA,TA,No,GLQ,646.0,Unf,0.0,468.0,1114.0,GasA,Ex,Y,SBrkr,1114,0,0,1114,1.0,0.0,1,1,3,1,Gd,6,Typ,0,,Detchd,2004.0,Unf,2.0,576.0,TA,TA,Y,0,102,0,0,0,0,,,,0,6,2008,WD ,Normal,159000
805,906223080,60,RL,85.0,10560,Pave,,Reg,Lvl,AllPub,Corner,Gtl,SawyerW,Norm,Norm,1Fam,2Story,7,5,1993,1994,Gable,CompShg,VinylSd,VinylSd,None,0.0,Gd,Gd,PConc,Gd,Gd,No,GLQ,474.0,Unf,0.0,605.0,1079.0,GasA,Ex,Y,SBrkr,1079,800,0,1879,1.0,0.0,2,1,3,1,Gd,8,Typ,1,TA,Attchd,1993.0,RFn,2.0,473.0,TA,TA,Y,400,100,144,0,0,0,,MnPrv,,0,8,2009,WD ,Normal,239900
1095,528290010,60,RL,60.0,15384,Pave,,IR1,Lvl,AllPub,Inside,Gtl,Gilbert,RRAn,Norm,1Fam,2Story,7,5,2004,2005,Gable,CompShg,VinylSd,VinylSd,None,0.0,Gd,TA,PConc,Gd,TA,Av,GLQ,724.0,Unf,0.0,64.0,788.0,GasA,Ex,Y,SBrkr,788,702,0,1490,1.0,0.0,2,1,3,1,Gd,8,Typ,1,Gd,Attchd,2004.0,Fin,2.0,388.0,TA,TA,Y,100,75,0,0,0,0,,,,0,2,2008,WD ,Normal,184000
66,528386040,50,RL,56.0,14720,Pave,,IR1,Lvl,AllPub,CulDSac,Gtl,NoRidge,Norm,Norm,1Fam,1.5Fin,8,5,1995,1996,Hip,CompShg,VinylSd,VinylSd,BrkFace,579.0,Gd,TA,PConc,Gd,TA,Av,GLQ,816.0,Unf,0.0,1217.0,2033.0,GasA,Ex,Y,SBrkr,2053,1185,0,3238,1.0,0.0,2,1,4,1,Gd,9,Typ,1,Ex,Attchd,1996.0,Fin,3.0,666.0,TA,TA,Y,283,86,0,0,0,0,,,,0,3,2010,WD ,Normal,410000
2276,921128030,20,RL,85.0,12633,Pave,,IR1,HLS,AllPub,Inside,Gtl,Timber,PosA,PosA,1Fam,1Story,10,5,2006,2007,Hip,CompShg,MetalSd,MetalSd,BrkFace,242.0,Ex,TA,PConc,Ex,TA,Gd,Unf,0.0,Unf,0.0,1824.0,1824.0,GasA,Ex,Y,SBrkr,1824,0,0,1824,0.0,0.0,2,0,3,1,Ex,8,Typ,1,Gd,Attchd,2006.0,Fin,3.0,932.0,TA,TA,Y,160,36,0,0,108,0,,,,0,9,2007,New,Partial,392000
652,535353240,60,RL,78.0,11419,Pave,,Reg,Lvl,AllPub,Corner,Gtl,NAmes,Artery,Norm,1Fam,2Story,7,7,1948,1999,Gable,CompShg,WdShing,Wd Shng,None,0.0,TA,TA,CBlock,TA,TA,Mn,ALQ,699.0,Unf,0.0,0.0,699.0,GasA,Ex,Y,FuseA,801,726,0,1527,1.0,0.0,1,1,3,1,TA,6,Typ,1,Gd,Attchd,1948.0,Unf,2.0,410.0,TA,TA,Y,0,0,134,0,0,0,,GdWo,,0,12,2009,WD ,Normal,152500
1776,528427040,20,RL,75.0,9910,Pave,,Reg,Lvl,AllPub,Inside,Gtl,Somerst,Feedr,Norm,1Fam,1Story,7,6,2007,2007,Gable,CompShg,VinylSd,VinylSd,None,0.0,Gd,TA,PConc,Gd,TA,No,Unf,0.0,Unf,0.0,1369.0,1369.0,GasA,Ex,Y,SBrkr,1369,0,0,1369,0.0,0.0,2,0,3,1,Gd,5,Typ,0,,Attchd,2007.0,Unf,2.0,605.0,TA,TA,Y,0,203,0,0,0,0,,,,0,9,2007,New,Partial,213133
2579,535179050,20,RL,69.0,14850,Pave,,IR1,Lvl,AllPub,Inside,Gtl,NAmes,Norm,Norm,1Fam,1Story,5,5,1957,1957,Gable,CompShg,Wd Sdng,Wd Sdng,None,0.0,TA,TA,CBlock,TA,TA,No,Rec,895.0,Unf,0.0,197.0,1092.0,GasA,TA,Y,FuseA,1092,0,0,1092,1.0,0.0,1,0,2,1,TA,6,Typ,1,TA,Attchd,1957.0,Fin,1.0,299.0,TA,TA,Y,268,0,0,0,122,0,,MnWw,,0,5,2006,WD ,Normal,141000
2610,535402220,50,RL,77.0,9786,Pave,,IR1,Bnk,AllPub,Inside,Gtl,NAmes,Norm,Norm,1Fam,1.5Fin,6,7,1962,1981,Gable,CompShg,Wd Sdng,Wd Sdng,None,0.0,TA,TA,CBlock,TA,TA,No,Rec,600.0,Unf,0.0,312.0,912.0,GasA,TA,Y,SBrkr,1085,649,0,1734,0.0,0.0,1,1,3,1,Gd,7,Typ,1,Gd,Attchd,1962.0,RFn,2.0,440.0,TA,TA,Y,0,0,0,0,128,0,,GdPrv,,0,6,2006,WD ,Normal,159000
2565,534479300,20,RL,82.0,9888,Pave,,Reg,Lvl,AllPub,Inside,Gtl,NAmes,Norm,Norm,1Fam,1Story,5,6,1954,1975,Gable,CompShg,MetalSd,MetalSd,None,0.0,TA,Gd,CBlock,TA,TA,No,BLQ,486.0,Unf,0.0,450.0,936.0,GasA,TA,Y,FuseA,936,0,0,936,0.0,0.0,1,0,2,1,TA,5,Typ,0,,Attchd,1954.0,Unf,1.0,240.0,TA,TA,Y,0,0,160,0,0,0,,MnPrv,,0,3,2006,WD ,Normal,121000
1929,535181140,20,RL,70.0,12198,Pave,,IR1,Lvl,AllPub,Inside,Gtl,NAmes,Norm,Norm,1Fam,1Story,5,6,1955,1975,Gable,CompShg,VinylSd,VinylSd,None,0.0,TA,TA,CBlock,TA,TA,Av,Rec,780.0,Unf,0.0,424.0,1204.0,GasA,TA,Y,SBrkr,1411,0,0,1411,0.0,0.0,1,0,3,1,TA,7,Typ,1,TA,Attchd,1955.0,RFn,1.0,310.0,TA,TA,Y,278,82,0,0,0,0,,,,0,6,2007,COD,Normal,130000
1188,534127230,20,RL,85.0,11050,Pave,,Reg,Lvl,AllPub,Inside,Gtl,NWAmes,Norm,Norm,1Fam,1Story,6,5,1968,1968,Gable,CompShg,HdBoard,HdBoard,None,0.0,TA,TA,CBlock,TA,TA,No,Rec,301.0,Unf,0.0,1439.0,1740.0,GasA,Fa,Y,SBrkr,1740,0,0,1740,0.0,0.0,1,1,4,1,TA,8,Typ,1,TA,Attchd,1968.0,RFn,2.0,512.0,TA,TA,Y,25,0,0,0,192,0,,GdWo,,0,10,2008,WD ,Family,150000
1016,527276040,20,RL,,47280,Pave,,IR1,Lvl,AllPub,Inside,Gtl,Gilbert,Norm,Norm,1Fam,1Story,6,5,1950,1950,Hip,CompShg,AsbShng,AsbShng,BrkFace,44.0,TA,TA,CBlock,TA,TA,No,Unf,0.0,Unf,0.0,1488.0,1488.0,GasA,Gd,Y,SBrkr,1488,0,0,1488,0.0,0.0,2,1,3,1,TA,6,Typ,1,TA,Attchd,1950.0,RFn,2.0,738.0,TA,TA,Y,0,0,180,0,0,0,,,,0,7,2008,WD ,Family,133000
1314,902305080,75,RM,60.0,9600,Pave,Grvl,Reg,Lvl,AllPub,Inside,Gtl,OldTown,Norm,Norm,1Fam,2.5Unf,6,5,1917,1950,Gable,CompShg,AsbShng,AsbShng,None,0.0,TA,TA,BrkTil,Gd,TA,No,Rec,319.0,Unf,0.0,416.0,735.0,OthW,Fa,N,SBrkr,1134,924,0,2058,0.0,0.0,1,1,3,1,TA,8,Typ,1,Gd,Detchd,1950.0,Unf,2.0,396.0,Fa,Fa,P,0,0,259,0,0,0,,,,0,4,2008,WD ,Normal,129500
660,535378120,30,RL,60.0,10230,Pave,Grvl,Reg,Lvl,AllPub,Inside,Gtl,OldTown,Norm,Norm,1Fam,1Story,5,7,1925,1950,Gable,CompShg,MetalSd,MetalSd,None,0.0,TA,TA,BrkTil,TA,TA,No,Unf,0.0,Unf,0.0,1054.0,1054.0,GasA,Ex,Y,SBrkr,1078,0,0,1078,0.0,0.0,1,0,3,1,Ex,6,Typ,0,,Detchd,1987.0,Unf,1.0,264.0,TA,TA,N,0,0,0,0,112,0,,GdWo,,0,12,2009,WD ,Normal,125000
2207,909254140,30,RL,40.0,4280,Pave,,Reg,Lvl,AllPub,Inside,Gtl,Crawfor,Norm,Norm,1Fam,1Story,5,6,1913,2002,Gable,CompShg,WdShing,Stucco,None,0.0,TA,TA,PConc,TA,TA,No,LwQ,365.0,Unf,0.0,75.0,440.0,GasA,TA,N,SBrkr,694,0,0,694,0.0,0.0,1,0,2,1,Gd,4,Typ,1,Gd,Detchd,1990.0,Unf,1.0,352.0,Gd,TA,P,0,0,34,0,0,0,,MnPrv,,0,3,2007,WD ,Normal,90350
1037,527403360,20,RL,63.0,7560,Pave,,Reg,Lvl,AllPub,Inside,Gtl,NAmes,Norm,Norm,1Fam,1Story,5,5,1971,1971,Hip,CompShg,MetalSd,MetalSd,None,0.0,TA,TA,CBlock,Gd,TA,No,Rec,119.0,ALQ,613.0,132.0,864.0,GasA,TA,Y,SBrkr,864,0,0,864,1.0,0.0,1,0,3,1,TA,5,Typ,0,,Detchd,1977.0,Unf,2.0,576.0,TA,TA,Y,0,0,0,0,0,0,,,,0,5,2008,WD ,Normal,123000
2156,907285040,60,RL,80.0,10000,Pave,,Reg,Lvl,AllPub,Inside,Gtl,CollgCr,Norm,Norm,1Fam,2Story,8,5,1995,1996,Gable,CompShg,VinylSd,VinylSd,BrkFace,438.0,Gd,TA,PConc,Gd,TA,No,GLQ,1079.0,Unf,0.0,141.0,1220.0,GasA,Ex,Y,SBrkr,1220,870,0,2090,1.0,0.0,2,1,3,1,Gd,8,Typ,1,TA,Attchd,1995.0,RFn,2.0,556.0,TA,TA,Y,0,65,0,0,0,0,,,,0,12,2007,WD ,Normal,240000
524,528477050,60,FV,85.0,11003,Pave,,Reg,Lvl,AllPub,Inside,Gtl,Somerst,Norm,Norm,1Fam,2Story,10,5,2008,2008,Gable,CompShg,VinylSd,VinylSd,Stone,160.0,Ex,TA,PConc,Ex,TA,Av,GLQ,765.0,Unf,0.0,252.0,1017.0,GasA,Ex,Y,SBrkr,1026,981,0,2007,1.0,0.0,2,1,3,1,Ex,10,Typ,1,Ex,Attchd,2008.0,Fin,3.0,812.0,TA,TA,Y,168,52,0,0,0,0,,,,0,4,2009,WD ,Normal,310000
2625,535454030,90,RL,60.0,8544,Pave,,Reg,Lvl,AllPub,Corner,Gtl,NAmes,Norm,Norm,Duplex,1Story,3,4,1950,1950,Gable,CompShg,BrkFace,Stone,None,0.0,TA,TA,Slab,,,,,0.0,,0.0,0.0,0.0,Wall,Fa,N,FuseF,1040,0,0,1040,0.0,0.0,2,0,2,2,TA,6,Typ,0,,Detchd,1950.0,Unf,2.0,400.0,TA,Fa,Y,0,0,0,0,0,0,,,,0,12,2006,WD ,Normal,81400
310,914467040,60,RL,85.0,11050,Pave,,Reg,Lvl,AllPub,Inside,Gtl,Mitchel,Norm,Norm,1Fam,2Story,8,5,1998,1999,Gable,CompShg,VinylSd,VinylSd,None,0.0,Gd,TA,PConc,Gd,TA,No,GLQ,615.0,Unf,0.0,434.0,1049.0,GasA,Ex,Y,SBrkr,1036,880,0,1916,1.0,0.0,2,1,3,1,Gd,8,Typ,1,TA,Attchd,1998.0,Unf,3.0,741.0,TA,TA,Y,0,70,0,0,0,0,,,,0,5,2010,WD ,Normal,254900
2796,907265030,20,RL,,8125,Pave,,Reg,Lvl,AllPub,Inside,Gtl,CollgCr,Norm,Norm,1Fam,1Story,7,5,2002,2002,Gable,CompShg,VinylSd,VinylSd,Stone,295.0,Gd,TA,PConc,Gd,TA,No,GLQ,986.0,Unf,0.0,668.0,1654.0,GasA,Ex,Y,SBrkr,1654,0,0,1654,1.0,0.0,2,0,3,1,Gd,6,Typ,0,,Attchd,2002.0,Unf,3.0,900.0,TA,TA,Y,0,136,0,0,0,0,,,,0,2,2006,WD ,Normal,230000
2606,535382130,50,RL,60.0,10800,Pave,Grvl,Reg,Lvl,AllPub,Inside,Gtl,OldTown,Norm,Norm,1Fam,1.5Fin,5,8,1936,1989,Gable,CompShg,Wd Sdng,Wd Sdng,None,0.0,TA,TA,CBlock,Fa,TA,No,ALQ,626.0,Unf,0.0,170.0,796.0,GasA,Gd,Y,SBrkr,1096,370,0,1466,0.0,1.0,2,0,3,1,Gd,7,Min1,1,TA,Attchd,1950.0,Unf,2.0,566.0,TA,TA,Y,436,21,0,0,0,0,,,Shed,500,4,2006,WD ,Normal,170000
2874,910200060,50,RM,50.0,7000,Pave,,Reg,Lvl,AllPub,Inside,Gtl,IDOTRR,Norm,Norm,1Fam,1.5Fin,6,7,1926,1950,Hip,CompShg,MetalSd,MetalSd,None,0.0,TA,TA,PConc,TA,TA,No,ALQ,374.0,Unf,0.0,487.0,861.0,GasA,Ex,Y,SBrkr,861,424,0,1285,0.0,1.0,1,0,3,1,TA,6,Typ,0,,Detchd,1950.0,Fin,2.0,506.0,TA,TA,Y,96,0,132,0,0,0,,MnPrv,,0,5,2006,WD ,Normal,145400
677,535450160,90,RL,60.0,8544,Pave,,Reg,Lvl,AllPub,Corner,Gtl,NAmes,Norm,Norm,Duplex,1Story,3,4,1950,1950,Gable,CompShg,BrkFace,BrkFace,None,0.0,TA,TA,Slab,,,,,0.0,,0.0,0.0,0.0,Wall,Fa,N,FuseA,1040,0,0,1040,0.0,0.0,2,0,2,2,TA,6,Typ,0,,Detchd,1987.0,Unf,2.0,400.0,TA,TA,Y,0,0,0,0,0,0,,,,0,6,2009,WD ,Normal,92900
780,905225090,80,RL,,15584,Pave,,Reg,Lvl,AllPub,Inside,Gtl,ClearCr,Norm,Norm,1Fam,SLvl,5,5,1956,1956,Hip,CompShg,Wd Sdng,Wd Sdng,BrkFace,366.0,TA,TA,CBlock,TA,TA,Mn,Unf,0.0,Unf,0.0,825.0,825.0,GasA,Ex,Y,SBrkr,2071,0,0,2071,0.0,1.0,1,1,4,1,TA,9,Typ,1,TA,Attchd,1956.0,Unf,1.0,336.0,TA,TA,Y,131,28,0,0,0,0,,,,0,10,2009,WD ,Normal,165000
516,528456220,60,FV,75.0,9000,Pave,,Reg,Lvl,AllPub,Inside,Gtl,Somerst,Norm,Norm,1Fam,2Story,8,5,2008,2008,Gable,CompShg,VinylSd,VinylSd,None,0.0,Gd,TA,PConc,Gd,TA,No,Unf,0.0,Unf,0.0,768.0,768.0,GasA,Ex,Y,SBrkr,786,804,0,1590,0.0,0.0,2,1,3,1,Gd,6,Typ,0,,Attchd,2008.0,RFn,2.0,676.0,TA,TA,Y,0,30,0,0,0,0,,,,0,6,2009,WD ,Normal,210000
290,909176150,30,RL,,7890,Pave,,Reg,Lvl,AllPub,Corner,Gtl,SWISU,Norm,Norm,1Fam,1Story,6,6,1939,1950,Gable,CompShg,Wd Sdng,Wd Sdng,None,0.0,TA,TA,CBlock,TA,TA,No,Rec,238.0,Unf,0.0,618.0,856.0,GasA,TA,Y,SBrkr,856,0,0,856,1.0,0.0,1,0,2,1,TA,4,Typ,1,Gd,Detchd,1939.0,Unf,2.0,399.0,TA,TA,Y,0,0,0,0,166,0,,,,0,3,2010,WD ,Normal,126000
2380,528102080,60,RL,72.0,16387,Pave,,IR1,Lvl,AllPub,Inside,Gtl,NridgHt,Norm,Norm,1Fam,2Story,9,5,2006,2006,Hip,CompShg,VinylSd,VinylSd,Stone,215.0,Gd,TA,PConc,Ex,Gd,No,GLQ,1369.0,Unf,0.0,369.0,1738.0,GasA,Gd,Y,SBrkr,1738,851,0,2589,1.0,0.0,2,1,4,1,Ex,11,Typ,1,Gd,Attchd,2006.0,RFn,3.0,831.0,TA,TA,Y,0,0,0,0,0,0,,,,0,8,2006,New,Partial,412083
849,907194010,60,RL,79.0,12420,Pave,,Reg,Lvl,AllPub,Inside,Gtl,CollgCr,Norm,Norm,1Fam,2Story,7,5,2001,2001,Gable,CompShg,VinylSd,VinylSd,None,0.0,Gd,TA,PConc,Gd,TA,No,GLQ,666.0,Unf,0.0,278.0,944.0,GasA,Ex,Y,SBrkr,944,896,0,1840,1.0,0.0,2,1,3,1,Gd,6,Typ,0,,Attchd,2001.0,RFn,2.0,622.0,TA,TA,Y,0,45,0,0,0,0,,,,0,6,2009,WD ,Normal,230000
997,527107010,60,RL,,15038,Pave,,IR2,Lvl,AllPub,Corner,Gtl,Gilbert,Norm,Norm,1Fam,2Story,6,5,1996,1996,Gable,CompShg,HdBoard,HdBoard,None,0.0,TA,TA,PConc,Gd,TA,No,Rec,138.0,Unf,0.0,778.0,916.0,GasA,Gd,Y,SBrkr,916,720,0,1636,0.0,0.0,2,1,3,1,TA,7,Typ,1,TA,Attchd,1996.0,Fin,2.0,386.0,TA,TA,Y,168,84,0,0,0,0,,,,0,11,2008,WD ,Normal,173000
